option_name,seq_no,display_text,value
HOUR_SELECT,1,8 AM,08
HOUR_SELECT,2,9 AM,09
HOUR_SELECT,3,10 AM,10
HOUR_SELECT,4,11 AM,11
HOUR_SELECT,5,12 PM,12
HOUR_SELECT,6,1 PM,13
HOUR_SELECT,7,2 PM,14
HOUR_SELECT,8,3 PM,15
HOUR_SELECT,9,4 PM,16
HOUR_SELECT,10,5 PM,17
HOUR_SELECT,11,6 PM,18
HOUR_SELECT,12,7 PM,19
HOUR_SELECT,13,8 PM,20
MINUTE_SELECT,1,0 Minutes,001
MINUTE_SELECT,2,5 Minutes,05
MINUTE_SELECT,3,10 Minutes,10
MINUTE_SELECT,4,15 Minutes,15
MINUTE_SELECT,5,20 Minutes,20
MINUTE_SELECT,6,25 Minutes,25
MINUTE_SELECT,7,30 Minutes,30
MINUTE_SELECT,8,35 Minutes,35
MINUTE_SELECT,9,40 Minutes,40
MINUTE_SELECT,10,45 Minutes,45
MINUTE_SELECT,11,50 Minutes,50
MINUTE_SELECT,12,55 Minutes,55
GENDER,1,Male,M
GENDER,2,Female,F
GENDER,3,Transgender,T
GENDER,4,Other,O
PASSPORT_TYPE,1,Ordinary Passport,ORDINARY
PASSPORT_TYPE,2,Service Passport,SERVICE
PASSPORT_TYPE,3,Special Passport,SPECIAL
PASSPORT_TYPE,4,Diplomatic Passport,DIPLOMATIC
PASSPORT_TYPE,5,Official Passport,OFFICIAL
PASSPORT_TYPE,6,Other Travel Document,OTHER
COUNTRY,1,Austria,AUT
COUNTRY,2,Belgium,BEL
COUNTRY,3,Bulgaria,BGR
COUNTRY,4,Croatia,HRV
COUNTRY,5,Czech Republic,CZE
COUNTRY,6,Denmark,DNK
COUNTRY,7,Estonia,EST
COUNTRY,8,Finland,FIN
COUNTRY,9,France,FRA
COUNTRY,10,Germany,DEU
COUNTRY,11,Greece,GRC
COUNTRY,12,Hungary,HUN
COUNTRY,13,Iceland,ISL
COUNTRY,14,Italy,ITA
COUNTRY,15,Latvia,LVA
COUNTRY,16,Liechtenstein,LIE
COUNTRY,17,Lithuania,LTU
COUNTRY,18,Luxembourg,LUX
COUNTRY,19,Malta,MLT
COUNTRY,20,Netherlands (the),NLD
COUNTRY,21,Norway,NOR
COUNTRY,22,Poland,POL
COUNTRY,23,Portugal,PRT
COUNTRY,24,Romania,ROU
COUNTRY,25,Slovakia,SVK
COUNTRY,26,Slovenia,SVN
COUNTRY,27,Spain,ESP
COUNTRY,28,Sweden,SWE
COUNTRY,29,Switzerland,CHE
OPTION,1,Yes,YES
OPTION,2,No,NO
NUMBER_OF_ENTRIES,1,Single Entry,Single
NUMBER_OF_ENTRIES,2,Two Entries,Two
NUMBER_OF_ENTRIES,3,Multiple Entries,Multiple
ADD_ON_OP,1, ,DONE
OPTION_2,1,Yes,YES
OPTION_2,2,No,NO
OPTION_2,3,Unknown,UNKNOWN
SPONSORSHIP_COST,1,Self-Funded,SELF
SPONSORSHIP_COST,2,Sponsor (Family/Friend),SPONSOR
SPONSORSHIP_COST,3,Employer,EMPLOYER
SPONSORSHIP_COST,4,Government or Organization,GOVT_ORG
SPONSORSHIP_COST,5,Scholarship/Grant,SCHOLARSHIP
SPONSORSHIP_COST,6,Other (Specify),OTHER
SUPPORT_MEANS,1,Personal Funds,PERSONAL
SUPPORT_MEANS,2,Sponsor's Support (Family/Friend),SPONSOR_SUPPORT
SUPPORT_MEANS,3,Employer's Support,EMPLOYER_SUPPORT
SUPPORT_MEANS,4,Government or Organization Assistance,GOVT_SUPPORT
SUPPORT_MEANS,5,Prepaid Accommodation & Expenses,PREPAID
SAME_AS_PASS_ADDR,1,My Residential Address is the same as in my Passport,SAME_AS_PASS_ADDR
ADDRESS_PROOF_TYPE,1,Driving Licence,DL
ADDRESS_PROOF_TYPE,2,Ration Card,RATION
ADDRESS_PROOF_TYPE,3,Electricity Bill,ELECTRICITY
ADDRESS_PROOF_TYPE,4,Gas Bill,GAS
ADDRESS_PROOF_TYPE,5,HR Address Proof Letter from current organization,HR_LETTER
ADDRESS_PROOF_TYPE,6,Rental Agreement with Notary Attestation,RENTAL_NOTARY
ADDRESS_PROOF_TYPE,7,Aadhaar,AADHAAR
RELATIONSHIP,1,Father,FATHER
RELATIONSHIP,2,Mother,MOTHER
RELATIONSHIP,3,Brother,BROTHER
RELATIONSHIP,4,Sister,SISTER
RELATIONSHIP,5,Brother In Law,BROTHER_IN_LAW
RELATIONSHIP,6,Sister In Law,SISTER_IN_LAW
RELATIONSHIP,7,Spouse,SPOUSE
RELATIONSHIP,8,Son,SON
RELATIONSHIP,9,Daughter,DAUGHTER
RELATIONSHIP,10,Friend,FRIEND
RELATIONSHIP,11,Others,OTHERS
RELATIONSHIP_SGP,1,Father,FATHER
RELATIONSHIP_SGP,2,Mother,MOTHER
RELATIONSHIP_SGP,3,Brother,BROTHER
RELATIONSHIP_SGP,4,Sister,SISTER
RELATIONSHIP_SGP,5,Brother In Law,BROTHER_IN_LAW
RELATIONSHIP_SGP,6,Sister In Law,SISTER_IN_LAW
RELATIONSHIP_SGP,7,Spouse,SPOUSE
RELATIONSHIP_SGP,8,Son,SON
RELATIONSHIP_SGP,9,Daughter,DAUGHTER
RELATIONSHIP_SGP,10,Friend,FRIEND
RELATIONSHIP_SGP,11,Next of Kin's Place,NEXT_OF_KIN_PLACE
RELATIONSHIP_SGP,12,Others,OTHERS
PRINT_PHOTO,1,Do you want TTK visas to print the digital photo uploaded above?,PRINT_PHOTO
CONSENT_VISA_FEE,1,"I acknowledge and agree to the selected visa processing type. I am fully aware that any differential cost associated with the processing of the visa application, whether payable to the foreign mission through TTK or directly by me at the time of submission (physically or electronically) shall be borne by me, in accordance with the applicable guidelines of the destination country",CONSENT_VISA_FEE
VISA_POLICY_1,1,I am aware that the visa fee is not refunded if the visa is refused.,VISA_FEE_NONREFUNDABLE
VISA_POLICY_2,1,Applicable in case a multiple-entry visa is applied for : I am aware of the need to have an adequate travel medical insurance for my first stay and any subsequent visits to the territory of Member States.,MULTIPLE_ENTRY_INSURANCE
VISA_POLICY_3,1,"I am aware of and consent to the following: the collection of the data required by this application form and the taking of my photograph and, if applicable, the taking of fingerprints, are mandatory for the examination of the application; and any personal data concerning me which appear on the application form, as well as my fingerprints and my photograph will be supplied to the relevant authorities of the Member States and processed by those authorities, for the purposes of a decision on my application. Such data as well as data concerning the decision taken on my application or a decision whether to annul, revoke or extend a visa issued will be entered into, and stored in the Visa Information System (VIS) for a maximum period of five years, during which it will be accessible to the visa authorities and the authorities competent for carrying out checks on visas at external borders and within the Member States, immigration and asylum authorities in the Member States for the purposes of verifying whether the conditions for the legal entry into, stay and residence on the territory of the Member States are fulfilled, of identifying persons who do not or who no longer fulfil these conditions, of examining an asylum application and of determining responsibility for such examination. Under certain conditions the data will be also available to designated authorities of the Member States and to Europol for the purpose of the prevention, detection and investigation of terrorist offences and of other serious criminal offences. The authority of the Member State responsible for processing the data is the State Secretariat for Migration SEM (Staatssekretariat für Migration SEM). I am aware that I have the right to obtain in any of the Member States notification of the data relating to me recorded in the VIS and of the Member State which transmitted the data, and to request that data relating to me which are inaccurate be corrected and that data relating to me processed unlawfully be deleted. At my express request, the authority examining my application will inform me of the manner in which I may exercise my right to check the personal data concerning me and have them corrected or deleted, including the related remedies according to the national law of the Member State concerned. The national supervisory authority of that Member State (Federal Data Protection and Information Commissioner PDPIC",DATA_CONSENT_AND_VIS
VISA_POLICY_4,1,"I am aware that I have the right to obtain in any of the Member States notification of the data relating to me recorded in the VIS and of the Member State which transmitted the data, and to request that data relating to me which are inaccurate be corrected and that data relating to me processed unlawfully be deleted. At my express request, the authority examining my application will inform me of the manner in which I may exercise my right to check the personal data concerning me and have them corrected or deleted, including the related remedies according to the national law of the Member State concerned. The national supervisory authority of that Member State (Federal Data Protection and Information Commissioner PDPIC.",VIS_DATA_RIGHTS
VISA_POLICY_5,1,"I declare that, to the best of my knowledge, all particulars supplied by me are correct and complete. I am aware that any false statements will lead to my application being rejected or to the annulment of a visa already granted and may also render me liable to prosecution under the law of the Member State which deals with the application. I undertake to leave the territory of the Member States before the expiry of the visa, if granted. I have been informed that possession of a visa is only one of the prerequisites for entry into the European territory of the Member States. The mere fact that a visa has been granted to me does not mean that I will be entitled to compensation if I fail to comply with the relevant provisions of Article 6(1) of Regulation (EU) No. 2016/399 (Schengen Border Code), and I am therefore refused entry. The prerequisites for entry will be checked again on entry into the European territory of the Member States.",DECLARATION_AND_ENTRY_NOTICE
ADDON_TRAVEL_ITINERARY,1,Item 1,MAKE_ITINERARY
ADDON_TRAVEL_INSURANCE,1,Item 2,MAKE_INSURANCE
ADDON_FLIGHT_RESERVE,1,I need TTK to book my Travel Insurance for me. Please add this service to my cart,YES
VISA_TYPE,1,Tourist Visa,Tourist
VISA_TYPE,2,Business Visa,Business
VISA_TYPE,3,Work Visa,Work
VISA_TYPE,4,Dependent Visa,Dependent
VISA_TYPE,5,Visitor Visa,Visitor
VISA_TYPE,6,Student Visa,Student
VISA_TYPE,7,Sports Visa,Sports
VISA_MODE,1,E-Visa,E-Visa
VISA_MODE,2,Paper,Paper
VISA_PROCESSING_TYPE,1,Normal Visa Processing,Normal
VISA_PROCESSING_TYPE,2,Express Visa Processing,Express
INDIA_STATES,1,Andaman & Nicobar Islands,ANDAMAN & NICOBAR ISLANDS
INDIA_STATES,2,Andhra Pradesh,ANDHRA PRADESH
INDIA_STATES,3,Arunachal Pradesh,ARUNACHAL PRADESH
INDIA_STATES,4,Assam,ASSAM
INDIA_STATES,5,Bihar,BIHAR
INDIA_STATES,6,Chandigarh,CHANDIGARH
INDIA_STATES,7,Chattisgarh,CHATTISGARH
INDIA_STATES,8,Dadra & Nagar Haveli,DADRA & NAGAR HAVELI
INDIA_STATES,9,Daman & Diu,DAMAN & DIU
INDIA_STATES,10,Delhi,DELHI
INDIA_STATES,11,Goa,GOA
INDIA_STATES,12,Gujarat,GUJARAT
INDIA_STATES,13,Haryana,HARYANA
INDIA_STATES,14,Himachal Pradesh,HIMACHAL PRADESH
INDIA_STATES,15,Jammu & Kashmir,JAMMU & KASHMIR
INDIA_STATES,16,Jharkhand,JHARKHAND
INDIA_STATES,17,Karnataka,KARNATAKA
INDIA_STATES,18,Kerala,KERALA
INDIA_STATES,19,Lakshadweep,LAKSHADWEEP
INDIA_STATES,20,Madhya Pradesh,MADHYA PRADESH
INDIA_STATES,21,Maharashtra,MAHARASHTRA
INDIA_STATES,22,Manipur,MANIPUR
INDIA_STATES,23,Meghalaya,MEGHALAYA
INDIA_STATES,24,Mizoram,MIZORAM
INDIA_STATES,25,Nagaland,NAGALAND
INDIA_STATES,26,Odisha,ODISHA
INDIA_STATES,27,Pondicherry,PONDICHERRY
INDIA_STATES,28,Punjab,PUNJAB
INDIA_STATES,29,Rajasthan,RAJASTHAN
INDIA_STATES,30,Sikkim,SIKKIM
INDIA_STATES,31,Tamil Nadu,TAMIL NADU
INDIA_STATES,32,Telangana,TELANGANA
INDIA_STATES,33,Tripura,TRIPURA
INDIA_STATES,34,Uttar Pradesh,UTTAR PRADESH
INDIA_STATES,35,Uttarakhand,UTTARAKHAND
INDIA_STATES,36,West Bengal,WEST BENGAL
PREF_LOC,1,Bengaluru,Bengaluru
PREF_LOC,2,Hyderabad,Hyderabad
PREF_LOC,3,Chennai,Chennai
PREF_SLOT,1,Any,Any
PREF_SLOT,2,10 AM - 12 Noon,10-12
PREF_SLOT,3,12 Noon - 2 PM,12-14
HAVE_FLIGHT,1,I have a Flight Ticket,YES
MULTIPLE_COUNTRY,1,I am travelling to multiple Schengen Countries,YES
BOOK_DUMMY_TICKET,1,I want TTK to book a dummy flight reservation for my visa,YES
BOOK_CONFIRM_TICKET,1,I want TTK to book a confirmed/reserved Flight Ticket,YES
FLIGHT_TICKET_OPTION,1,I have a dummy Flight Ticket,HAVE_DUMMY_TICKET
FLIGHT_TICKET_OPTION,2,I have a confirmed Flight Ticket,HAVE_CONFIRMED_TICKET
FLIGHT_TICKET_OPTION,3,I want TTK to book a dummy Flight Ticket,TTK_BOOK_DUMMY_TICKET
FLIGHT_TICKET_OPTION,4,I want TTK to book a confirmed Flight Ticket,TTK_BOOK_CONFIRMED_TICKET
INSURANCE_OPTION,1,I have booked my Travel Insurance,HAVE_INSURANCE
INSURANCE_OPTION,2,I want TTK Visas to book Travel Insurance for me,TTK_ASSITANCE
INSURANCE_PLAN,1,"USD 50,000",USD50K
INSURANCE_PLAN,2,"USD 100,000",USD100K
INSURANCE_PLAN,3,"USD 500,000",USD500K
INSURANCE_PLAN,4,"USD 1,000,000",USD1M
ITINERARY_OPTION,1,I have my itinerary,HAVE_ITINERARY
ITINERARY_OPTION,2,I will create my itinerary here,CREATE_ITINERARY
ACCOMODATION_OPTION,1,I have a dummy Hotel Accomodation,HAVE_DUMMY_ACCOMODATION
ACCOMODATION_OPTION,2,I have a confirmed Hotel Accomodation,HAVE_CONFIRMED_ACCOMODATION
ACCOMODATION_OPTION,3,I want TTK to book a dummy Hotel Accomodation,BOOK_DUMMY_ACCOMODATION
ACCOMODATION_OPTION,4,I want TTK to book a confirmed Hotel Accomodation,BOOK_CONFIRMED_ACCOMODATION
ACCOMODATION_OPTION,5,I was invited,INVITED_ACCOMODATION
APPOINTMENT_PREFERANCE,1,I have already booked an appointment,HAVE_APPOINTMENT
APPOINTMENT_PREFERANCE,2,I need assistance from TTK Visas. Please call me,ASSISTED_APPOINTMENT
EMPTY_OPTION,1, ,YES
INS_DISC_1,1,Example Disclosure 1,YES
INS_DISC_2,1,Example Disclosure 2,YES
PURPOSE_OF_VISA_OR_TRAVEL,1,Visit of family or friends,VISIT_FAMILY_FRIENDS
PURPOSE_OF_VISA_OR_TRAVEL,2,Tourism,TOURISM
PURPOSE_OF_VISA_OR_TRAVEL,3,Business,BUSINESS
PURPOSE_OF_VISA_OR_TRAVEL,4,Cultural,CULTURAL
PURPOSE_OF_VISA_OR_TRAVEL,5,Official visit,OFFICIAL_VISIT
PURPOSE_OF_VISA_OR_TRAVEL,6,Study,STUDY
PURPOSE_OF_VISA_OR_TRAVEL,7,Medical reasons,MEDICAL
PURPOSE_OF_VISA_OR_TRAVEL,8,Sports,SPORTS
PURPOSE_OF_VISA_OR_TRAVEL,9,Airport transit,AIRPORT_TRANSIT
PURPOSE_OF_VISA_OR_TRAVEL,10,Other (please specify),OTHER
ACCEPT_REJECT,1,Accept,ACCEPT
ACCEPT_REJECT,2,Reject,REJECT
RELATIONSHIP_WITH_EU,1,Spouse,SPOUSE
RELATIONSHIP_WITH_EU,2,Child,CHILD
RELATIONSHIP_WITH_EU,3,Grandchild,GRANDCHILD
RELATIONSHIP_WITH_EU,4,Dependent ascendant,DEPENDENT_ASCENDANT
RELATIONSHIP_WITH_EU,5,Registered Partnership,REGISTERED_PARTNER
RELATIONSHIP_WITH_EU,6,Other,OTHER
SUPPORT_MEANS_SELF,1,Cash,CASH
SUPPORT_MEANS_SELF,2,Traveller's cheques,TRAVELLERS_CHEQUES
SUPPORT_MEANS_SELF,3,Credit Card,CREDIT_CARD
SUPPORT_MEANS_SELF,4,Pre-paid accommodation,PREPAID_ACCOMMODATION
SUPPORT_MEANS_SELF,5,Pre-paid transport,PREPAID_TRANSPORT
SUPPORT_MEANS_SELF,6,Other (please specify),OTHER
SUPPORT_MEANS_SPONSOR,1,Cash,CASH
SUPPORT_MEANS_SPONSOR,2,Accommodation provided,ACCOMMODATION_PROVIDED
SUPPORT_MEANS_SPONSOR,3,All expenses covered during the stay,ALL_EXPENSES_COVERED
SUPPORT_MEANS_SPONSOR,4,Pre-paid transport,PREPAID_TRANSPORT
SUPPORT_MEANS_SPONSOR,5,Other (please specify),OTHER
SKIP_SALARY,1,I prefer to carry my salary slips at the time of filing directly and do not prefer to share with TTK for review,SKIP
SKIP_SALARY,2,I want to share my salary slips with TTK to review,DONT_SKIP
ADD_PREVIOUS_EMP_SALARY,1,Add salary slip from previous employer,ADD_PREVIOUS_EMP_SALARY
SKIP_BANK_STATEMENT,1,I prefer to carry my bank statements at the time of filing directly and do not prefer to share with TTK for review,SKIP
SKIP_BANK_STATEMENT,2,I want to share my bank statements with TTK to review,DONT_SKIP
ITR_OPTION,1,I prefer to carry my Income Tax Returns/ Form 16 at the Visa Appointment directly and do not prefer to share with TTK for review,SKIP
ITR_OPTION,2,I have my ITR Acknowledgement,HAVE_ACKNOWLEDGEMENT
ITR_OPTION,3,I have not filed my Income Tax Returns,NO_ITR
ITR_OPTION_1,1,I’ll provide my ITR/Form 16 directly during the appointment,SKIP
ITR_OPTION_1,2,I have not filed my Income Tax Returns,NO_ITR
ADOSI,1,I need assistance from TTK Visas to get Travel Insurance,INSURANCE
MONTH_OPTION,1,January,01
MONTH_OPTION,2,February,02
MONTH_OPTION,3,March,03
MONTH_OPTION,4,April,04
MONTH_OPTION,5,May,05
MONTH_OPTION,6,June,06
MONTH_OPTION,7,July,07
MONTH_OPTION,8,August,08
MONTH_OPTION,9,September,09
MONTH_OPTION,10,October,10
MONTH_OPTION,11,November,11
MONTH_OPTION,12,December,12
YEAR_OPTION,1,1900,1900
YEAR_OPTION,2,1901,1901
YEAR_OPTION,3,1902,1902
YEAR_OPTION,4,1903,1903
YEAR_OPTION,5,1904,1904
YEAR_OPTION,6,1905,1905
YEAR_OPTION,7,1906,1906
YEAR_OPTION,8,1907,1907
YEAR_OPTION,9,1908,1908
YEAR_OPTION,10,1909,1909
YEAR_OPTION,11,1910,1910
YEAR_OPTION,12,1911,1911
YEAR_OPTION,13,1912,1912
YEAR_OPTION,14,1913,1913
YEAR_OPTION,15,1914,1914
YEAR_OPTION,16,1915,1915
YEAR_OPTION,17,1916,1916
YEAR_OPTION,18,1917,1917
YEAR_OPTION,19,1918,1918
YEAR_OPTION,20,1919,1919
YEAR_OPTION,21,1920,1920
YEAR_OPTION,22,1921,1921
YEAR_OPTION,23,1922,1922
YEAR_OPTION,24,1923,1923
YEAR_OPTION,25,1924,1924
YEAR_OPTION,26,1925,1925
YEAR_OPTION,27,1926,1926
YEAR_OPTION,28,1927,1927
YEAR_OPTION,29,1928,1928
YEAR_OPTION,30,1929,1929
YEAR_OPTION,31,1930,1930
YEAR_OPTION,32,1931,1931
YEAR_OPTION,33,1932,1932
YEAR_OPTION,34,1933,1933
YEAR_OPTION,35,1934,1934
YEAR_OPTION,36,1935,1935
YEAR_OPTION,37,1936,1936
YEAR_OPTION,38,1937,1937
YEAR_OPTION,39,1938,1938
YEAR_OPTION,40,1939,1939
YEAR_OPTION,41,1940,1940
YEAR_OPTION,42,1941,1941
YEAR_OPTION,43,1942,1942
YEAR_OPTION,44,1943,1943
YEAR_OPTION,45,1944,1944
YEAR_OPTION,46,1945,1945
YEAR_OPTION,47,1946,1946
YEAR_OPTION,48,1947,1947
YEAR_OPTION,49,1948,1948
YEAR_OPTION,50,1949,1949
YEAR_OPTION,51,1950,1950
YEAR_OPTION,52,1951,1951
YEAR_OPTION,53,1952,1952
YEAR_OPTION,54,1953,1953
YEAR_OPTION,55,1954,1954
YEAR_OPTION,56,1955,1955
YEAR_OPTION,57,1956,1956
YEAR_OPTION,58,1957,1957
YEAR_OPTION,59,1958,1958
YEAR_OPTION,60,1959,1959
YEAR_OPTION,61,1960,1960
YEAR_OPTION,62,1961,1961
YEAR_OPTION,63,1962,1962
YEAR_OPTION,64,1963,1963
YEAR_OPTION,65,1964,1964
YEAR_OPTION,66,1965,1965
YEAR_OPTION,67,1966,1966
YEAR_OPTION,68,1967,1967
YEAR_OPTION,69,1968,1968
YEAR_OPTION,70,1969,1969
YEAR_OPTION,71,1970,1970
YEAR_OPTION,72,1971,1971
YEAR_OPTION,73,1972,1972
YEAR_OPTION,74,1973,1973
YEAR_OPTION,75,1974,1974
YEAR_OPTION,76,1975,1975
YEAR_OPTION,77,1976,1976
YEAR_OPTION,78,1977,1977
YEAR_OPTION,79,1978,1978
YEAR_OPTION,80,1979,1979
YEAR_OPTION,81,1980,1980
YEAR_OPTION,82,1981,1981
YEAR_OPTION,83,1982,1982
YEAR_OPTION,84,1983,1983
YEAR_OPTION,85,1984,1984
YEAR_OPTION,86,1985,1985
YEAR_OPTION,87,1986,1986
YEAR_OPTION,88,1987,1987
YEAR_OPTION,89,1988,1988
YEAR_OPTION,90,1989,1989
YEAR_OPTION,91,1990,1990
YEAR_OPTION,92,1991,1991
YEAR_OPTION,93,1992,1992
YEAR_OPTION,94,1993,1993
YEAR_OPTION,95,1994,1994
YEAR_OPTION,96,1995,1995
YEAR_OPTION,97,1996,1996
YEAR_OPTION,98,1997,1997
YEAR_OPTION,99,1998,1998
YEAR_OPTION,100,1999,1999
YEAR_OPTION,101,2000,2000
YEAR_OPTION,102,2001,2001
YEAR_OPTION,103,2002,2002
YEAR_OPTION,104,2003,2003
YEAR_OPTION,105,2004,2004
YEAR_OPTION,106,2005,2005
YEAR_OPTION,107,2006,2006
YEAR_OPTION,108,2007,2007
YEAR_OPTION,109,2008,2008
YEAR_OPTION,110,2009,2009
YEAR_OPTION,111,2010,2010
YEAR_OPTION,112,2011,2011
YEAR_OPTION,113,2012,2012
YEAR_OPTION,114,2013,2013
YEAR_OPTION,115,2014,2014
YEAR_OPTION,116,2015,2015
YEAR_OPTION,117,2016,2016
YEAR_OPTION,118,2017,2017
YEAR_OPTION,119,2018,2018
YEAR_OPTION,120,2019,2019
YEAR_OPTION,121,2020,2020
YEAR_OPTION,122,2021,2021
YEAR_OPTION,123,2022,2022
YEAR_OPTION,124,2023,2023
YEAR_OPTION,125,2024,2024
YEAR_OPTION,126,2025,2025
MODE_OF_CALL,1,MS Teams,MS_TEAMS
MODE_OF_CALL,2,Zoom,ZOOM
MODE_OF_CALL,3,Google Meet,GOOGLE_MEET
MODE_OF_CALL,4,Phone Call,PHONE
SPONSORSHIP_OPTIONS,1,Me,PERSONALLY_COVERED
SPONSORSHIP_OPTIONS,2,A Sponsor (host/company/organisation),SPONSOR_COVERED
SPONSORSHIP_OPTIONS,3,An Inviter ,INVITER_COVERED
SPONSORSHIP_OPTIONS,4,Other (please specify),OTHER
CANCEL_APPOINTMENT,1,I confirm I'm available for the above appointment,OK_APPOINTMENT
CANCEL_APPOINTMENT,2,I want TTK to cancel the above appointment,CANCEL_APPOINTMENT
CANCEL_APPOINTMENT,3,I want TTK to reschedule the above appointment,RESCHEDULE_APPOINTMENT
SAME_AS_PRIMARY_TRAVELLER,1,Same information as Primary Traveller,SAME_AS_PRIMARY_TRAVELLER
SAME_AS_PRIMARY_TRAVELLER_ITINERARY,1,Itinerary and Accomodation information same as Primary Traveller,SAME_AS_PRIMARY_TRAVELLER_ITINERARY
SAME_AS_PRIMARY_TRAVELLER_TICKETING,1,Ticketing information same as Primary Traveller,SAME_AS_PRIMARY_TRAVELLER_TICKETING
SAME_AS_PRIMARY_TRAVELLER_INSURANCE,1,Travel Insurance information same as Primary Traveller,SAME_AS_PRIMARY_TRAVELLER_INSURANCE
VISA_STATUS,1,Approved,APPROVED
VISA_STATUS,2,Rejected,REJECTED
SPONSOR_TYPE_1,1,I am covering the costs myself,SELF
SPONSOR_TYPE_2,1,"I have a Sponsor (host, company, organisation)",SPONSOR
SPONSOR_TYPE_3,1,I have an Inviter,INVITER
SPONSOR_TYPE_4,1,Other,OTHER
PAYMENT_METHOD_1,1,Cash,CASH
PAYMENT_METHOD_2,1,Traveller’s Cheque,TRAVELLERS_CHEQUE
PAYMENT_METHOD_3,1,Credit Card,CREDIT_CARD
PAYMENT_METHOD_4,1,Pre-paid Accommodation,PREPAID_ACCOMMODATION
PAYMENT_METHOD_5,1,Pre-paid Transport,PREPAID_TRANSPORT
PAYMENT_METHOD_6,1,Other,OTHER
EXPENSE_COVERAGE_1,1,Cash,CASH
EXPENSE_COVERAGE_2,1,Accommodation Provided,ACCOMMODATION_PROVIDED
EXPENSE_COVERAGE_3,1,All expenses covered during the stay,ALL_COVERED
EXPENSE_COVERAGE_4,1,Pre-paid Transport,PREPAID_TRANSPORT
EXPENSE_COVERAGE_5,1,Other,OTHER
COUNTRY_3,1,Afghanistan,AFG
COUNTRY_3,2,Albania,ALB
COUNTRY_3,3,Algeria,DZA
COUNTRY_3,4,American Samoa,ASM
COUNTRY_3,5,Andorra,AND
COUNTRY_3,6,Angola,AGO
COUNTRY_3,7,Anguilla,AIA
COUNTRY_3,8,Antarctica,ATA
COUNTRY_3,9,Antigua and Barbuda,ATG
COUNTRY_3,10,Argentina,ARG
COUNTRY_3,11,Armenia,ARM
COUNTRY_3,12,Aruba,ABW
COUNTRY_3,13,Australia,AUS
COUNTRY_3,14,Austria,AUT
COUNTRY_3,15,Azerbaijan,AZE
COUNTRY_3,16,Bahamas (the),BHS
COUNTRY_3,17,Bahrain,BHR
COUNTRY_3,18,Bangladesh,BGD
COUNTRY_3,19,Barbados,BRB
COUNTRY_3,20,Belarus,BLR
COUNTRY_3,21,Belgium,BEL
COUNTRY_3,22,Belize,BLZ
COUNTRY_3,23,Benin,BEN
COUNTRY_3,24,Bermuda,BMU
COUNTRY_3,25,Bhutan,BTN
COUNTRY_3,26,Bolivia (Plurinational State of),BOL
COUNTRY_3,27,Bonaire  Sint Eustatius and Saba,BES
COUNTRY_3,28,Bosnia and Herzegovina,BIH
COUNTRY_3,29,Botswana,BWA
COUNTRY_3,30,Bouvet Island,BVT
COUNTRY_3,31,Brazil,BRA
COUNTRY_3,32,British Indian Ocean Territory (the),IOT
COUNTRY_3,33,Brunei Darussalam,BRN
COUNTRY_3,34,Bulgaria,BGR
COUNTRY_3,35,Burkina Faso,BFA
COUNTRY_3,36,Burundi,BDI
COUNTRY_3,37,Cabo Verde,CPV
COUNTRY_3,38,Cambodia,KHM
COUNTRY_3,39,Cameroon,CMR
COUNTRY_3,40,Canada,CAN
COUNTRY_3,41,Cayman Islands (the),CYM
COUNTRY_3,42,Central African Republic (the),CAF
COUNTRY_3,43,Chad,TCD
COUNTRY_3,44,Chile,CHL
COUNTRY_3,45,China,CHN
COUNTRY_3,46,Christmas Island,CXR
COUNTRY_3,47,Cocos (Keeling) Islands (the),CCK
COUNTRY_3,48,Colombia,COL
COUNTRY_3,49,Comoros (the),COM
COUNTRY_3,50,Congo (the Democratic Republic of the),COD
COUNTRY_3,51,Congo (the),COG
COUNTRY_3,52,Cook Islands (the),COK
COUNTRY_3,53,Costa Rica,CRI
COUNTRY_3,54,Croatia,HRV
COUNTRY_3,55,Cuba,CUB
COUNTRY_3,56,Curaçao,CUW
COUNTRY_3,57,Cyprus,CYP
COUNTRY_3,58,Czech Republic,CZE
COUNTRY_3,59,Côte d'Ivoire,CIV
COUNTRY_3,60,Denmark,DNK
COUNTRY_3,61,Djibouti,DJI
COUNTRY_3,62,Dominica,DMA
COUNTRY_3,63,Dominican Republic (the),DOM
COUNTRY_3,64,Ecuador,ECU
COUNTRY_3,65,Egypt,EGY
COUNTRY_3,66,El Salvador,SLV
COUNTRY_3,67,Equatorial Guinea,GNQ
COUNTRY_3,68,Eritrea,ERI
COUNTRY_3,69,Estonia,EST
COUNTRY_3,70,Eswatini,SWZ
COUNTRY_3,71,Ethiopia,ETH
COUNTRY_3,72,Falkland Islands (the) [Malvinas],FLK
COUNTRY_3,73,Faroe Islands (the),FRO
COUNTRY_3,74,Fiji,FJI
COUNTRY_3,75,Finland,FIN
COUNTRY_3,76,France,FRA
COUNTRY_3,77,French Guiana,GUF
COUNTRY_3,78,French Polynesia,PYF
COUNTRY_3,79,French Southern Territories (the),ATF
COUNTRY_3,80,Gabon,GAB
COUNTRY_3,81,Gambia (the),GMB
COUNTRY_3,82,Georgia,GEO
COUNTRY_3,83,Germany,DEU
COUNTRY_3,84,Ghana,GHA
COUNTRY_3,85,Gibraltar,GIB
COUNTRY_3,86,Greece,GRC
COUNTRY_3,87,Greenland,GRL
COUNTRY_3,88,Grenada,GRD
COUNTRY_3,89,Guadeloupe,GLP
COUNTRY_3,90,Guam,GUM
COUNTRY_3,91,Guatemala,GTM
COUNTRY_3,92,Guernsey,GGY
COUNTRY_3,93,Guinea,GIN
COUNTRY_3,94,Guinea-Bissau,GNB
COUNTRY_3,95,Guyana,GUY
COUNTRY_3,96,Haiti,HTI
COUNTRY_3,97,Heard Island and McDonald Islands,HMD
COUNTRY_3,98,Holy See (the),VAT
COUNTRY_3,99,Honduras,HND
COUNTRY_3,100,Hong Kong,HKG
COUNTRY_3,101,Hungary,HUN
COUNTRY_3,102,Iceland,ISL
COUNTRY_3,103,India,IND
COUNTRY_3,104,Indonesia,IDN
COUNTRY_3,105,Iran (Islamic Republic of),IRN
COUNTRY_3,106,Iraq,IRQ
COUNTRY_3,107,Ireland,IRL
COUNTRY_3,108,Isle of Man,IMN
COUNTRY_3,109,Israel,ISR
COUNTRY_3,110,Italy,ITA
COUNTRY_3,111,Jamaica,JAM
COUNTRY_3,112,Japan,JPN
COUNTRY_3,113,Jersey,JEY
COUNTRY_3,114,Jordan,JOR
COUNTRY_3,115,Kazakhstan,KAZ
COUNTRY_3,116,Kenya,KEN
COUNTRY_3,117,Kiribati,KIR
COUNTRY_3,118,Korea (the Democratic People's Republic of),PRK
COUNTRY_3,119,Korea (the Republic of),KOR
COUNTRY_3,120,Kuwait,KWT
COUNTRY_3,121,Kyrgyzstan,KGZ
COUNTRY_3,122,Lao People's Democratic Republic (the),LAO
COUNTRY_3,123,Latvia,LVA
COUNTRY_3,124,Lebanon,LBN
COUNTRY_3,125,Lesotho,LSO
COUNTRY_3,126,Liberia,LBR
COUNTRY_3,127,Libya,LBY
COUNTRY_3,128,Liechtenstein,LIE
COUNTRY_3,129,Lithuania,LTU
COUNTRY_3,130,Luxembourg,LUX
COUNTRY_3,131,Macao,MAC
COUNTRY_3,132,Madagascar,MDG
COUNTRY_3,133,Malawi,MWI
COUNTRY_3,134,Malaysia,MYS
COUNTRY_3,135,Maldives,MDV
COUNTRY_3,136,Mali,MLI
COUNTRY_3,137,Malta,MLT
COUNTRY_3,138,Marshall Islands (the),MHL
COUNTRY_3,139,Martinique,MTQ
COUNTRY_3,140,Mauritania,MRT
COUNTRY_3,141,Mauritius,MUS
COUNTRY_3,142,Mayotte,MYT
COUNTRY_3,143,Mexico,MEX
COUNTRY_3,144,Micronesia (Federated States of),FSM
COUNTRY_3,145,Moldova (the Republic of),MDA
COUNTRY_3,146,Monaco,MCO
COUNTRY_3,147,Mongolia,MNG
COUNTRY_3,148,Montenegro,MNE
COUNTRY_3,149,Montserrat,MSR
COUNTRY_3,150,Morocco,MAR
COUNTRY_3,151,Mozambique,MOZ
COUNTRY_3,152,Myanmar,MMR
COUNTRY_3,153,Namibia,NAM
COUNTRY_3,154,Nauru,NRU
COUNTRY_3,155,Nepal,NPL
COUNTRY_3,156,Netherlands (the),NLD
COUNTRY_3,157,New Caledonia,NCL
COUNTRY_3,158,New Zealand,NZL
COUNTRY_3,159,Nicaragua,NIC
COUNTRY_3,160,Niger (the),NER
COUNTRY_3,161,Nigeria,NGA
COUNTRY_3,162,Niue,NIU
COUNTRY_3,163,Norfolk Island,NFK
COUNTRY_3,164,Northern Mariana Islands (the),MNP
COUNTRY_3,165,Norway,NOR
COUNTRY_3,166,Oman,OMN
COUNTRY_3,167,Pakistan,PAK
COUNTRY_3,168,Palau,PLW
COUNTRY_3,169,Palestine,PSE
COUNTRY_3,170,Panama,PAN
COUNTRY_3,171,Papua New Guinea,PNG
COUNTRY_3,172,Paraguay,PRY
COUNTRY_3,173,Peru,PER
COUNTRY_3,174,Philippines (the),PHL
COUNTRY_3,175,Pitcairn,PCN
COUNTRY_3,176,Poland,POL
COUNTRY_3,177,Portugal,PRT
COUNTRY_3,178,Puerto Rico,PRI
COUNTRY_3,179,Qatar,QAT
COUNTRY_3,180,Republic of North Macedonia,MKD
COUNTRY_3,181,Romania,ROU
COUNTRY_3,182,Russian Federation (the),RUS
COUNTRY_3,183,Rwanda,RWA
COUNTRY_3,184,Réunion,REU
COUNTRY_3,185,Saint Barthélemy,BLM
COUNTRY_3,186,Saint Helena,SHN
COUNTRY_3,187,Saint Kitts and Nevis,KNA
COUNTRY_3,188,Saint Lucia,LCA
COUNTRY_3,189,Saint Martin (French part),MAF
COUNTRY_3,190,Saint Pierre and Miquelon,SPM
COUNTRY_3,191,Saint Vincent and the Grenadines,VCT
COUNTRY_3,192,Samoa,WSM
COUNTRY_3,193,San Marino,SMR
COUNTRY_3,194,Sao Tome and Principe,STP
COUNTRY_3,195,Saudi Arabia,SAU
COUNTRY_3,196,Senegal,SEN
COUNTRY_3,197,Serbia,SRB
COUNTRY_3,198,Seychelles,SYC
COUNTRY_3,199,Sierra Leone,SLE
COUNTRY_3,200,Singapore,SGP
COUNTRY_3,201,Sint Maarten (Dutch part),SXM
COUNTRY_3,202,Slovakia,SVK
COUNTRY_3,203,Slovenia,SVN
COUNTRY_3,204,Solomon Islands,SLB
COUNTRY_3,205,Somalia,SOM
COUNTRY_3,206,South Africa,ZAF
COUNTRY_3,207,South Georgia and the South Sandwich Islands,SGS
COUNTRY_3,208,South Sudan,SSD
COUNTRY_3,209,Spain,ESP
COUNTRY_3,210,Sri Lanka,LKA
COUNTRY_3,211,Sudan (the),SDN
COUNTRY_3,212,Suriname,SUR
COUNTRY_3,213,Svalbard and Jan Mayen,SJM
COUNTRY_3,214,Sweden,SWE
COUNTRY_3,215,Switzerland,CHE
COUNTRY_3,216,Syrian Arab Republic,SYR
COUNTRY_3,217,Taiwan (Province of China),TWN
COUNTRY_3,218,Tajikistan,TJK
COUNTRY_3,219,"Tanzania,  United Republic of",TZA
COUNTRY_3,220,Thailand,THA
COUNTRY_3,221,Timor-Leste,TLS
COUNTRY_3,222,Togo,TGO
COUNTRY_3,223,Tokelau,TKL
COUNTRY_3,224,Tonga,TON
COUNTRY_3,225,Trinidad and Tobago,TTO
COUNTRY_3,226,Tunisia,TUN
COUNTRY_3,227,Turkey,TUR
COUNTRY_3,228,Turkmenistan,TKM
COUNTRY_3,229,Turks and Caicos Islands (the),TCA
COUNTRY_3,230,Tuvalu,TUV
COUNTRY_3,231,Uganda,UGA
COUNTRY_3,232,Ukraine,UKR
COUNTRY_3,233,United Arab Emirates (the),ARE
COUNTRY_3,234,United Kingdom of Great Britain and Northern Ireland (the),GBR
COUNTRY_3,235,United States Minor Outlying Islands (the),UMI
COUNTRY_3,236,United States of America (the),USA
COUNTRY_3,237,Uruguay,URY
COUNTRY_3,238,Uzbekistan,UZB
COUNTRY_3,239,Vanuatu,VUT
COUNTRY_3,240,Venezuela (Bolivarian Republic of),VEN
COUNTRY_3,241,Viet Nam,VNM
COUNTRY_3,242,Virgin Islands (British),VGB
COUNTRY_3,243,Virgin Islands (U.S.),VIR
COUNTRY_3,244,Wallis and Futuna,WLF
COUNTRY_3,245,Western Sahara,ESH
COUNTRY_3,246,Yemen,YEM
COUNTRY_3,247,Zambia,ZMB
COUNTRY_3,248,Zimbabwe,ZWE
ACCOMMODATION_ARRANGEMENT,1,I have booked my Accommodation,BOOKED
ACCOMMODATION_ARRANGEMENT,2,I will be staying with family/friends,WITH_FAMILY
ACCOMMODATION_ARRANGEMENT,3,I want TTK Visas to book Accommodation for me,TTK_ASSITANCE
ADDON_ACCOMMODATION,1,I need TTK to book my accommodation for me. Please add this service to my cart,YES
CIVIL_MARITAL_STATUS,1,Single,SINGLE
CIVIL_MARITAL_STATUS,2,Married,MARRIED
CIVIL_MARITAL_STATUS,3,Divorced,DIVORCED
CIVIL_MARITAL_STATUS,4,Widowed,WIDOWED
CIVIL_MARITAL_STATUS,5,Separated,SEPARATED
CIVIL_MARITAL_STATUS,6,Other (Please specify),OTHER
ADD_ON_SERVICE_APPOINTMENT,1,I want TTK Visas to book a Visa Appointment for me,YES
PHOTOGRAPH_APPOINTMENT,1,I'll arrange my own photos for the Visa Appointment,YES
ADD_ON_SERVICE_PHOTOGRAPH,1,I need TTK to book my accommodation for me. Please add this service to my cart,YES
ADD_ON_SERVICE_ITINERARY,1,I need TTK to prepare the Itinerary for me. Please add this service to my cart,YES
ADDON_FLIGHT_TICKETS,1,I need TTK to book my flight tickets for me. Please add this service to my cart,YES
CURRENT_OCCUPATION_STATUS,1,Employee,EMPLOYEE
CURRENT_OCCUPATION_STATUS,2,Student,STUDENT
CURRENT_OCCUPATION_STATUS,3,Not Applicable,NOTAPPLICABLE
FAMILY_MEMBER_OF_EU,1,Yes,YES
FAMILY_MEMBER_OF_EU,2,No,NO
COUNTRY_3,1,Afghanistan,AFG
COUNTRY_3,2,Albania,ALB
COUNTRY_3,3,Algeria,DZA
COUNTRY_3,4,American Samoa,ASM
COUNTRY_3,5,Andorra,AND
COUNTRY_3,6,Angola,AGO
COUNTRY_3,7,Anguilla,AIA
COUNTRY_3,8,Antarctica,ATA
COUNTRY_3,9,Antigua and Barbuda,ATG
COUNTRY_3,10,Argentina,ARG
COUNTRY_3,11,Armenia,ARM
COUNTRY_3,12,Aruba,ABW
COUNTRY_3,13,Australia,AUS
COUNTRY_3,14,Austria,AUT
COUNTRY_3,15,Azerbaijan,AZE
COUNTRY_3,16,Bahamas (the),BHS
COUNTRY_3,17,Bahrain,BHR
COUNTRY_3,18,Bangladesh,BGD
COUNTRY_3,19,Barbados,BRB
COUNTRY_3,20,Belarus,BLR
COUNTRY_3,21,Belgium,BEL
COUNTRY_3,22,Belize,BLZ
COUNTRY_3,23,Benin,BEN
COUNTRY_3,24,Bermuda,BMU
COUNTRY_3,25,Bhutan,BTN
COUNTRY_3,26,Bolivia (Plurinational State of),BOL
COUNTRY_3,27,Bonaire  Sint Eustatius and Saba,BES
COUNTRY_3,28,Bosnia and Herzegovina,BIH
COUNTRY_3,29,Botswana,BWA
COUNTRY_3,30,Bouvet Island,BVT
COUNTRY_3,31,Brazil,BRA
COUNTRY_3,32,British Indian Ocean Territory (the),IOT
COUNTRY_3,33,Brunei Darussalam,BRN
COUNTRY_3,34,Bulgaria,BGR
COUNTRY_3,35,Burkina Faso,BFA
COUNTRY_3,36,Burundi,BDI
COUNTRY_3,37,Cabo Verde,CPV
COUNTRY_3,38,Cambodia,KHM
COUNTRY_3,39,Cameroon,CMR
COUNTRY_3,40,Canada,CAN
COUNTRY_3,41,Cayman Islands (the),CYM
COUNTRY_3,42,Central African Republic (the),CAF
COUNTRY_3,43,Chad,TCD
COUNTRY_3,44,Chile,CHL
COUNTRY_3,45,China,CHN
COUNTRY_3,46,Christmas Island,CXR
COUNTRY_3,47,Cocos (Keeling) Islands (the),CCK
COUNTRY_3,48,Colombia,COL
COUNTRY_3,49,Comoros (the),COM
COUNTRY_3,50,Congo (the Democratic Republic of the),COD
COUNTRY_3,51,Congo (the),COG
COUNTRY_3,52,Cook Islands (the),COK
COUNTRY_3,53,Costa Rica,CRI
COUNTRY_3,54,Croatia,HRV
COUNTRY_3,55,Cuba,CUB
COUNTRY_3,56,Curaçao,CUW
COUNTRY_3,57,Cyprus,CYP
COUNTRY_3,58,Czech Republic,CZE
COUNTRY_3,59,Côte d'Ivoire,CIV
COUNTRY_3,60,Denmark,DNK
COUNTRY_3,61,Djibouti,DJI
COUNTRY_3,62,Dominica,DMA
COUNTRY_3,63,Dominican Republic (the),DOM
COUNTRY_3,64,Ecuador,ECU
COUNTRY_3,65,Egypt,EGY
COUNTRY_3,66,El Salvador,SLV
COUNTRY_3,67,Equatorial Guinea,GNQ
COUNTRY_3,68,Eritrea,ERI
COUNTRY_3,69,Estonia,EST
COUNTRY_3,70,Eswatini,SWZ
COUNTRY_3,71,Ethiopia,ETH
COUNTRY_3,72,Falkland Islands (the) [Malvinas],FLK
COUNTRY_3,73,Faroe Islands (the),FRO
COUNTRY_3,74,Fiji,FJI
COUNTRY_3,75,Finland,FIN
COUNTRY_3,76,France,FRA
COUNTRY_3,77,French Guiana,GUF
COUNTRY_3,78,French Polynesia,PYF
COUNTRY_3,79,French Southern Territories (the),ATF
COUNTRY_3,80,Gabon,GAB
COUNTRY_3,81,Gambia (the),GMB
COUNTRY_3,82,Georgia,GEO
COUNTRY_3,83,Germany,DEU
COUNTRY_3,84,Ghana,GHA
COUNTRY_3,85,Gibraltar,GIB
COUNTRY_3,86,Greece,GRC
COUNTRY_3,87,Greenland,GRL
COUNTRY_3,88,Grenada,GRD
COUNTRY_3,89,Guadeloupe,GLP
COUNTRY_3,90,Guam,GUM
COUNTRY_3,91,Guatemala,GTM
COUNTRY_3,92,Guernsey,GGY
COUNTRY_3,93,Guinea,GIN
COUNTRY_3,94,Guinea-Bissau,GNB
COUNTRY_3,95,Guyana,GUY
COUNTRY_3,96,Haiti,HTI
COUNTRY_3,97,Heard Island and McDonald Islands,HMD
COUNTRY_3,98,Holy See (the),VAT
COUNTRY_3,99,Honduras,HND
COUNTRY_3,100,Hong Kong,HKG
COUNTRY_3,101,Hungary,HUN
COUNTRY_3,102,Iceland,ISL
COUNTRY_3,103,India,IND
COUNTRY_3,104,Indonesia,IDN
COUNTRY_3,105,Iran (Islamic Republic of),IRN
COUNTRY_3,106,Iraq,IRQ
COUNTRY_3,107,Ireland,IRL
COUNTRY_3,108,Isle of Man,IMN
COUNTRY_3,109,Israel,ISR
COUNTRY_3,110,Italy,ITA
COUNTRY_3,111,Jamaica,JAM
COUNTRY_3,112,Japan,JPN
COUNTRY_3,113,Jersey,JEY
COUNTRY_3,114,Jordan,JOR
COUNTRY_3,115,Kazakhstan,KAZ
COUNTRY_3,116,Kenya,KEN
COUNTRY_3,117,Kiribati,KIR
COUNTRY_3,118,Korea (the Democratic People's Republic of),PRK
COUNTRY_3,119,Korea (the Republic of),KOR
COUNTRY_3,120,Kuwait,KWT
COUNTRY_3,121,Kyrgyzstan,KGZ
COUNTRY_3,122,Lao People's Democratic Republic (the),LAO
COUNTRY_3,123,Latvia,LVA
COUNTRY_3,124,Lebanon,LBN
COUNTRY_3,125,Lesotho,LSO
COUNTRY_3,126,Liberia,LBR
COUNTRY_3,127,Libya,LBY
COUNTRY_3,128,Liechtenstein,LIE
COUNTRY_3,129,Lithuania,LTU
COUNTRY_3,130,Luxembourg,LUX
COUNTRY_3,131,Macao,MAC
COUNTRY_3,132,Madagascar,MDG
COUNTRY_3,133,Malawi,MWI
COUNTRY_3,134,Malaysia,MYS
COUNTRY_3,135,Maldives,MDV
COUNTRY_3,136,Mali,MLI
COUNTRY_3,137,Malta,MLT
COUNTRY_3,138,Marshall Islands (the),MHL
COUNTRY_3,139,Martinique,MTQ
COUNTRY_3,140,Mauritania,MRT
COUNTRY_3,141,Mauritius,MUS
COUNTRY_3,142,Mayotte,MYT
COUNTRY_3,143,Mexico,MEX
COUNTRY_3,144,Micronesia (Federated States of),FSM
COUNTRY_3,145,Moldova (the Republic of),MDA
COUNTRY_3,146,Monaco,MCO
COUNTRY_3,147,Mongolia,MNG
COUNTRY_3,148,Montenegro,MNE
COUNTRY_3,149,Montserrat,MSR
COUNTRY_3,150,Morocco,MAR
COUNTRY_3,151,Mozambique,MOZ
COUNTRY_3,152,Myanmar,MMR
COUNTRY_3,153,Namibia,NAM
COUNTRY_3,154,Nauru,NRU
COUNTRY_3,155,Nepal,NPL
COUNTRY_3,156,Netherlands (the),NLD
COUNTRY_3,157,New Caledonia,NCL
COUNTRY_3,158,New Zealand,NZL
COUNTRY_3,159,Nicaragua,NIC
COUNTRY_3,160,Niger (the),NER
COUNTRY_3,161,Nigeria,NGA
COUNTRY_3,162,Niue,NIU
COUNTRY_3,163,Norfolk Island,NFK
COUNTRY_3,164,Northern Mariana Islands (the),MNP
COUNTRY_3,165,Norway,NOR
COUNTRY_3,166,Oman,OMN
COUNTRY_3,167,Pakistan,PAK
COUNTRY_3,168,Palau,PLW
COUNTRY_3,169,Palestine,PSE
COUNTRY_3,170,Panama,PAN
COUNTRY_3,171,Papua New Guinea,PNG
COUNTRY_3,172,Paraguay,PRY
COUNTRY_3,173,Peru,PER
COUNTRY_3,174,Philippines (the),PHL
COUNTRY_3,175,Pitcairn,PCN
COUNTRY_3,176,Poland,POL
COUNTRY_3,177,Portugal,PRT
COUNTRY_3,178,Puerto Rico,PRI
COUNTRY_3,179,Qatar,QAT
COUNTRY_3,180,Republic of North Macedonia,MKD
COUNTRY_3,181,Romania,ROU
COUNTRY_3,182,Russian Federation (the),RUS
COUNTRY_3,183,Rwanda,RWA
COUNTRY_3,184,Réunion,REU
COUNTRY_3,185,Saint Barthélemy,BLM
COUNTRY_3,186,Saint Helena,SHN
COUNTRY_3,187,Saint Kitts and Nevis,KNA
COUNTRY_3,188,Saint Lucia,LCA
COUNTRY_3,189,Saint Martin (French part),MAF
COUNTRY_3,190,Saint Pierre and Miquelon,SPM
COUNTRY_3,191,Saint Vincent and the Grenadines,VCT
COUNTRY_3,192,Samoa,WSM
COUNTRY_3,193,San Marino,SMR
COUNTRY_3,194,Sao Tome and Principe,STP
COUNTRY_3,195,Saudi Arabia,SAU
COUNTRY_3,196,Senegal,SEN
COUNTRY_3,197,Serbia,SRB
COUNTRY_3,198,Seychelles,SYC
COUNTRY_3,199,Sierra Leone,SLE
COUNTRY_3,200,Singapore,SGP
COUNTRY_3,201,Sint Maarten (Dutch part),SXM
COUNTRY_3,202,Slovakia,SVK
COUNTRY_3,203,Slovenia,SVN
COUNTRY_3,204,Solomon Islands,SLB
COUNTRY_3,205,Somalia,SOM
COUNTRY_3,206,South Africa,ZAF
COUNTRY_3,207,South Georgia and the South Sandwich Islands,SGS
COUNTRY_3,208,South Sudan,SSD
COUNTRY_3,209,Spain,ESP
COUNTRY_3,210,Sri Lanka,LKA
COUNTRY_3,211,Sudan (the),SDN
COUNTRY_3,212,Suriname,SUR
COUNTRY_3,213,Svalbard and Jan Mayen,SJM
COUNTRY_3,214,Sweden,SWE
COUNTRY_3,215,Switzerland,CHE
COUNTRY_3,216,Syrian Arab Republic,SYR
COUNTRY_3,217,Taiwan (Province of China),TWN
COUNTRY_3,218,Tajikistan,TJK
COUNTRY_3,219,"Tanzania,  United Republic of",TZA
COUNTRY_3,220,Thailand,THA
COUNTRY_3,221,Timor-Leste,TLS
COUNTRY_3,222,Togo,TGO
COUNTRY_3,223,Tokelau,TKL
COUNTRY_3,224,Tonga,TON
COUNTRY_3,225,Trinidad and Tobago,TTO
COUNTRY_3,226,Tunisia,TUN
COUNTRY_3,227,Turkey,TUR
COUNTRY_3,228,Turkmenistan,TKM
COUNTRY_3,229,Turks and Caicos Islands (the),TCA
COUNTRY_3,230,Tuvalu,TUV
COUNTRY_3,231,Uganda,UGA
COUNTRY_3,232,Ukraine,UKR
COUNTRY_3,233,United Arab Emirates (the),ARE
COUNTRY_3,234,United Kingdom of Great Britain and Northern Ireland (the),GBR
COUNTRY_3,235,United States Minor Outlying Islands (the),UMI
COUNTRY_3,236,United States of America (the),USA
COUNTRY_3,237,Uruguay,URY
COUNTRY_3,238,Uzbekistan,UZB
COUNTRY_3,239,Vanuatu,VUT
COUNTRY_3,240,Venezuela (Bolivarian Republic of),VEN
COUNTRY_3,241,Viet Nam,VNM
COUNTRY_3,242,Virgin Islands (British),VGB
COUNTRY_3,243,Virgin Islands (U.S.),VIR
COUNTRY_3,244,Wallis and Futuna,WLF
COUNTRY_3,245,Western Sahara,ESH
COUNTRY_3,246,Yemen,YEM
COUNTRY_3,247,Zambia,ZMB
COUNTRY_3,248,Zimbabwe,ZWE
SKIP_SALARY_SLIPS,1,I'll provide my Salary Slips directly during the submission,YES
SKIP_BANK_STATEMENTS,1,I’ll provide my Bank Statements directly during the appointment,YES
SKIP_ITR,1,I prefer to carry my Income Tax Returns/ Form 16 at the Visa Appointment directly and do not prefer to share with TTK for review,YES
NOT_FILED_ITR,1,I have not filed my Income Tax Returns,YES
ASSIST_ITR,1,I need assistance of TTK Visas for this,YES
ADDON_ACCOMMODATION_DUMMY,1,I would like TTK to book a Dummy Accommodation for me. Please add this service to my cart,DUMMY
ADDON_ACCOMMODATION_CONFIRMED,1,I would like TTK to book Confirmed Accommodation for me. Please add this service to my cart,CONFIRMED
ADDON_DUMMY_FLIGHT_TICKETS,1,I would like TTK to book Dummy Flight Tickets for me. Please add this service to my cart,DUMMY
ADDON_CONFIRMED_FLIGHT_TICKETS,1,I would like TTK to book Confirmed Flight Tickets for me. Please add this service to my cart,CONFIRMED
CONFIRM_VIEWED_DATA,1,I have viewed the Traveller’s data and found it to be accurate,YES
CONFIRM_APT_BOOKED,1,A Visa Appointment has been booked,YES
CONFIRM_ADDONS,1,All Add-On’s have been addressed,YES
CONFIRM_DOCS_UPLOADED,1,All the additional documents required for the visa processing have been uploaded,YES
CONFIRM_UNEDITABLE,1,"I understand that once submitted, the Traveller’s Data cannot be edited",YES
DOCKET_STATUS,1,Application is under Review,REVIEW
DOCKET_STATUS,2,Send Application for Additional Review,ADDITIONAL_REVIEW
DOCKET_STATUS,3,Enable Docket for Download,ENABLE_DOWNLOAD
SAME_ITINERARY_AS_PRIMARY,1,My Itinerary details are the same as the Primary Traveller,ITINERARY
SAME_ACCOMMODATION_AS_PRIMARY,1,My Accommodation details are the same as the Primary Traveller,ACCOMMODATION
SAME_FLIGHT_TICKET_AS_PRIMARY,1,My Flight Ticket details are the same as the Primary Traveller,FLIGHT_TICKET
COVER,1,"Company POC shall provide the signed Covering Letter directly to the Traveller, who will carry it to the Appointment.",TRAVELLER
COVER,2,Company POC shall provide the Covering Letter to TTK Visa Consultant directly once it is signed.,TTK_VISA_CONSULTANT
INVITATION,1,"Company POC shall provide the signed Invitation Letter directly to the Traveller, who will carry it to the Appointment.",TRAVELLER
INVITATION,2,Company POC shall provide the Invitation Letter to TTK Visa Consultant directly once it is signed.,TTK_VISA_CONSULTANT
COMPANY_STATEMENT,1,Company POC shall provide the Company Bank Statements (in a sealed envelope) directly to the Traveller,TRAVELLER
COMPANY_STATEMENT,2,Company POC shall provide the Company Bank Statements directly to the Foreign Mission through an email,FOREIGN_MISSION
COMPANY_STATEMENT,3,Company has an exceptional approval from the Foreign Mission not to provide the Company Bank Statement,EXECPTIONAL_APPROVAL
COMPANY_STATEMENT,4,Company POC shall provide the Company Bank Statements (in a sealed envelope) directly to TTK Visas for filing this request,TTK_VISAS
COMPANY_STATEMENT,5,Company Bank Statement are not required,NOT_APPL
ITR_ACKNOWLEDGE,1,Company POC shall provide the Company ITR Acknowledgements (in a sealed envelope) directly to the Traveller,TRAVELLER
ITR_ACKNOWLEDGE,2,Company POC shall provide the Company ITR Acknowledgement directly to the Foreign Mission through an email,FOREIGN_MISSION
ITR_ACKNOWLEDGE,3,Company has an exceptional approval from the Foreign Mission not to provide the Company ITR Acknowledgement,EXECPTIONAL_APPROVAL
ITR_ACKNOWLEDGE,4,Company POC shall provide the Company ITR Acknowledgement (in a sealed envelope) directly to TTK Visas for filing this request,TTK_VISAS
ITR_ACKNOWLEDGE,5,Company ITR Acknowledgements are not required,NOT_APPL
COMPANY_DOCS,1,Company POC shall provide the Company Incorporation Document directly to the Traveller,TRAVELLER
COMPANY_DOCS,2,Company POC shall provide the Company Incorporation Document directly to TTK Visas for filing this request,TTK_VISAS
COMPANY_DOCS,3,Company Incorporation Document is not required,NOT_APPL
SEND_EMAIL,1,Email to Traveller,EMAIL_TRAVELLER
SEND_EMAIL,2,Email to SPOC,EMAIL_SPOC
SGP_STAY,1,Less than 30 days,LESS_THAN_30_DAYS
SGP_STAY,2,More than 30 days,MORE_THAN_30_DAYS
NUMBER_OF_ENTRIES_SGP,1,Single Journey,SINGLE_JOURNEY
NUMBER_OF_ENTRIES_SGP,2,Double Journey,DOUBLE_JOURNEY
NUMBER_OF_ENTRIES_SGP,3,Triple Journey,TRIPLE_JOURNEY
NUMBER_OF_ENTRIES_SGP,4,Multiple Journey,MULTIPLE_JOURNEY
PASSPORT_TYPE_SGP,1,International Passport,INTERNATIONAL_PASSPORT
PASSPORT_TYPE_SGP,2,Diplomatic Passport,DIPLOMATIC_PASSPORT
PASSPORT_TYPE_SGP,3,Official Passport,OFFICIAL_PASSPORT
PASSPORT_TYPE_SGP,4,Service Passport,SERVICE_PASSPORT
PASSPORT_TYPE_SGP,5,Document of Identity ,DOCUMENT_OF_IDENTITY
PASSPORT_TYPE_SGP,6,Certificate of Identity,CERTIFICATE_OF_IDENTITY
PASSPORT_TYPE_SGP,7,Others,OTHERS
GENDER_SGP,1,Male,MALE
GENDER_SGP,2,Female,FEMALE
CIVIL_MARITAL_STATUS_SGP,1,Single,SINGLE
CIVIL_MARITAL_STATUS_SGP,2,Married,MARRIED
CIVIL_MARITAL_STATUS_SGP,3,Separated,SEPERATED
CIVIL_MARITAL_STATUS_SGP,4,Divorced,DIVORCED
CIVIL_MARITAL_STATUS_SGP,5,Widowed,WIDOWED
CIVIL_MARITAL_STATUS_SGP,6,Cohabited,COHABITED
CIVIL_MARITAL_STATUS_SGP,7,Customary,CUSTOMARY
SPOUSE_NATIONALITY,1,Singapore Citizen,SINGAPORE_CITIZEN
SPOUSE_NATIONALITY,2,Singapore Permanent Resident ,SINGAPORE_PERMANENT_RESIDENT
SPOUSE_NATIONALITY,3,Others,OTHERS
RELATIONSHIP_WITH_APPLICANT_SGP,1,Father,FATHER
RELATIONSHIP_WITH_APPLICANT_SGP,2,Mother,MOTHER
RELATIONSHIP_WITH_APPLICANT_SGP,3,Spouse,SPOUSE
RELATIONSHIP_WITH_APPLICANT_SGP,4,Brother,BROTHER
RELATIONSHIP_WITH_APPLICANT_SGP,5,Sister,SISTER
RELATIONSHIP_WITH_APPLICANT_SGP,6,Son,SON
RELATIONSHIP_WITH_APPLICANT_SGP,7,Daughter,DAUGHTER
RELATIONSHIP_WITH_APPLICANT_SGP,8,Grand Father,GRAND_FATHER
RELATIONSHIP_WITH_APPLICANT_SGP,9,Grand Mother,GRAND_MOTHER
ACADEMIC_QUALIFICATION_SGP,1,No Formal Education,NO_FORMAL_EDUCATION
ACADEMIC_QUALIFICATION_SGP,2,Primary,PRIMARY
ACADEMIC_QUALIFICATION_SGP,3,Secondary,SECONDARY
ACADEMIC_QUALIFICATION_SGP,4,Pre-University,PRE_UNIVERSITY
ACADEMIC_QUALIFICATION_SGP,5,Diploma,DIPLOMA
ACADEMIC_QUALIFICATION_SGP,6,University,UNIVERSITY
ACADEMIC_QUALIFICATION_SGP,7,Post-Graduate,POST_GRADUATE
TICKETS,1,I have booked my Flight Tickets,BOOKED
TICKETS,2,I want TTK Visas to book Flight Tickets for me,TTK_ASSITANCE
PASSPORT_TYPE_SAU,1,Diplomatic,DIPLOMATIC
PASSPORT_TYPE_SAU,2,Normal,NORMAL
PASSPORT_TYPE_SAU,3,Special,SPECIAL
PASSPORT_TYPE_SAU,4,Travel Certificate,TRAVEL_CERTIFICATE
CIVIL_MARITAL_STATUS_SAU,1,Single,SINGLE
CIVIL_MARITAL_STATUS_SAU,2,Married,MARRIED
CIVIL_MARITAL_STATUS_SAU,3,Divorced,DIVORCED
CIVIL_MARITAL_STATUS_SAU,4,Widowed,WIDOWED
CIVIL_MARITAL_STATUS_SAU,5,Other,OTHER
APPLICATION_STATUS,1,Application is under Review,REVIEW
APPLICATION_STATUS,2,Send Application for Additional Review,ADDITIONAL_REVIEW
APPLICATION_STATUS,3,Application Processed,APPLICATION_PROCESSED
GENDER_IDN,1,Male,MALE
GENDER_IDN,2,Female,FEMALE
GENDER_IDN,3,Transgender,TRANSGENDER
RESIDENCE_TYPE_IDN,1,Home,HOME
RESIDENCE_TYPE_IDN,2,Hotel,HOTEL
RESIDENCE_TYPE_IDN,3,Villa,VILLA
RESIDENCE_TYPE_IDN,4,Apartment,APARTMENT
RESIDENCE_TYPE_IDN,5,Others,OTHERS
LENGTH_OF_STAY_MEXICO,1,Less than 180 days,LESS_180
LENGTH_OF_STAY_MEXICO,2,Between 180 days and 4 years,BETWEEN_180_4Y
LENGTH_OF_STAY_MEXICO,3,Definitive,DEFINITIVE
PASSPORT_TYPE_MEX,1,Ordinary passport,ORDINARY
PASSPORT_TYPE_MEX,2,Service passport,SERVICE
PASSPORT_TYPE_MEX,3,Special passport,SPECIAL
PASSPORT_TYPE_MEX,4,Diplomatic passport,DIPLOMATIC
PASSPORT_TYPE_MEX,5,Official passport,OFFICIAL
PASSPORT_TYPE_MEX,6,Other travel document,OTHER
CIVIL_MARITAL_STATUS_MEX,1,Single,SINGLE
CIVIL_MARITAL_STATUS_MEX,2,Married,MARRIED
CIVIL_MARITAL_STATUS_MEX,3,Common Law,COMMON_LAW
GENDER_MEX,1,Male,MALE
GENDER_MEX,2,Female,FEMALE
GENDER_MEX,3,Choose no specification,NO_SPEC
MINOR_ACCOMPANIMENT_MEX,1,Both Parents,BOTH_PARENTS
MINOR_ACCOMPANIMENT_MEX,2,One Parent,ONE_PARENT
MINOR_ACCOMPANIMENT_MEX,3,None / Third party,THIRD_PARTY
PASSPORT_TYPE_JPN,1,Ordinary Passport,ORDINARY
PASSPORT_TYPE_JPN,2,Diplomatic Passport,DIPLOMATIC
PASSPORT_TYPE_JPN,3,Official Passport,OFFICIAL
PASSPORT_TYPE_JPN,4,Other,OTHER
CIVIL_MARITAL_STATUS_JPN,1,Single,SINGLE
CIVIL_MARITAL_STATUS_JPN,2,Married,MARRIED
CIVIL_MARITAL_STATUS_JPN,3,Divorced,DIVORCED
CIVIL_MARITAL_STATUS_JPN,4,Widowed,WIDOWED
RELATIONSHIP_JPN,1,Brother,BROTHER
RELATIONSHIP_JPN,2,Sister,SISTER
RELATIONSHIP_JPN,3,Brother In Law,BROTHER_IN_LAW
RELATIONSHIP_JPN,4,Sister In Law,SISTER_IN_LAW
RELATIONSHIP_JPN,5,Spouse,SPOUSE
RELATIONSHIP_JPN,6,Son,SON_IN_LAW
RELATIONSHIP_JPN,7,Son-in-Law,SON
RELATIONSHIP_JPN,8,Daughter,DAUGHTER
RELATIONSHIP_JPN,9,Daughter-in-Law,DAUGHTER_IN_LAW
RELATIONSHIP_JPN,10,Friend,FRIEND
RELATIONSHIP_JPN,11,Others,OTHERS
SAME_AS_GUARANTOR_JPN,1,Inviter is same as the Guarantor,SAME_AS_GUARANTOR_JPN
RELATIONSHIP_LKA,1,Brother,BROTHER
RELATIONSHIP_LKA,2,Sister,SISTER
RELATIONSHIP_LKA,3,Brother In Law,BROTHER_IN_LAW
RELATIONSHIP_LKA,4,Sister In Law,SISTER_IN_LAW
RELATIONSHIP_LKA,5,Spouse,SPOUSE
RELATIONSHIP_LKA,6,Son,SON
RELATIONSHIP_LKA,7,Daughter,DAUGHTER
RELATIONSHIP_LKA,8,Daughter In Law,DAUGHTER_IN_LAW
RELATIONSHIP_LKA,9,Son In Law,SON_IN_LAW
RELATIONSHIP_LKA,10,Friend,FRIEND
RELATIONSHIP_LKA,11,Next of Kin's Place,NEXT_OF_KIN_PLACE
RELATIONSHIP_LKA,12,Others (Please Specify),OTHERS
PASSPORT_TYPE_TWN,1,Regular,REGULAR
PASSPORT_TYPE_TWN,2,Diplomatic,DIPLOMATIC
PASSPORT_TYPE_TWN,3,Official,OFFICIAL
PASSPORT_TYPE_TWN,4,Other,OTHER
CIVIL_MARITAL_STATUS_TWN,1,Single,SINGLE
CIVIL_MARITAL_STATUS_TWN,2,Married,MARRIED
CIVIL_MARITAL_STATUS_TWN,3,Separated,SEPARATED
CIVIL_MARITAL_STATUS_TWN,4,Divorced,DIVORCED
CIVIL_MARITAL_STATUS_TWN,5,Widowed,WIDOWED
CIVIL_MARITAL_STATUS_TWN,6,Other,OTHER
RELATIONSHIP_TWN,1,Brother,BROTHER
RELATIONSHIP_TWN,2,Sister,SISTER
RELATIONSHIP_TWN,3,Brother In law,BROTHER_IN_LAW
RELATIONSHIP_TWN,4,Sister In Law,SISTER_IN_LAW
RELATIONSHIP_TWN,5,Spouse,SPOUSE
RELATIONSHIP_TWN,6,Son,SON
RELATIONSHIP_TWN,7,Daughter,DAUGHTER
RELATIONSHIP_TWN,8,Daughter In law,DAUGHTER_IN_LAW
RELATIONSHIP_TWN,9,Son In law,SON_IN_LAW
RELATIONSHIP_TWN,10,Friend,FRIEND
RELATIONSHIP_TWN,11,Next of Kin's Place,NEXT_OF_KIN_PLACE
RELATIONSHIP_TWN,12,Others (Please Specify),OTHERS
DURATION_STAY_TWN,1,1-180 days,1_TO_180_DAYS
DURATION_STAY_TWN,2,Above 180 days,ABOVE_180_DAYS
CURRENT_OCCUPATION_STATUS_CHN,1,Employee,EMPLOYEE
CURRENT_OCCUPATION_STATUS_CHN,2,Student,STUDENT
CURRENT_OCCUPATION_STATUS_CHN,3,Others,OTHERS
STATUS_CHINA,1,Citizen,CITIZEN
STATUS_CHINA,2,Permanent Resident,PERMANENT_RESIDENT
STATUS_CHINA,3,Resident,RESIDENT
STATUS_CHINA,4,Stay,STAY
RESIDENT_OPTION_CHN,1,Work-type Resident valid  for 90 days to five years,90_DAYS_TO_5_YRS
RESIDENT_OPTION_CHN,2,Non Work-type Resident valid for 180 days to five years,180_DAYS_TO_5_YRS
STAY_OPTION_CHN,1,Z visa valid for less than 90 days,LESS_THAN_90_DAYS
STAY_OPTION_CHN,2,Visas other than Z valid for 180 days,180_DAYS
VISA_TYPE_USA,1,Foreign Government official,A
VISA_TYPE_USA,2,Temp. Business or Pleasure Visitor,B
VISA_TYPE_USA,3,Alien in Transit,C
VISA_TYPE_USA,4,CNMI Worker or Investor,CW_E2C
VISA_TYPE_USA,5,Cremember,D
VISA_TYPE_USA,6,Treaty Trader or Investor,E
VISA_TYPE_USA,7,Academic or Language Student,F
VISA_TYPE_USA,8,International Organization Rep/Emp,G
VISA_TYPE_USA,9,Temporary Worker,H
VISA_TYPE_USA,10,Foreign Media Representative,I
VISA_TYPE_USA,11,Exchange Visitor,J
VISA_TYPE_USA,12,Fiance(e) or Spouse of A U.S citizen,K
VISA_TYPE_USA,13,Intracompany Transferee,L
VISA_TYPE_USA,14,Vocational/Non-academic student,M
VISA_TYPE_USA,15,Other,N
VISA_TYPE_USA,16,NATO Staff,NATO
VISA_TYPE_USA,17,Alien with extraordinary ability,O
VISA_TYPE_USA,18,Internationally recognised Alien,P
VISA_TYPE_USA,19,Cultural Exchange visitor,Q
VISA_TYPE_USA,20,Religious visitor,R
VISA_TYPE_USA,21,Informant or Witness,S
VISA_TYPE_USA,22,Victim of Trafficking,T
VISA_TYPE_USA,23,NAFTA Professional,TD_TN
VISA_TYPE_USA,24,Victim of Criminal activity,U
VISA_TYPE_USA,25,Parole beneficiary,PARCIS
SPECIFIC_PURPOSE_USA,1,Business or Tourism(Temporary Visitor) (B1/B2),B1_OR_B2
SPECIFIC_PURPOSE_USA,2,Business Conference(B1),B1
SPECIFIC_PURPOSE_USA,3,Tourism/Medical Treatment(B2),B2
ACADEMIC_QUALIFICATION,1,High School,HIGH_SCHOOL
ACADEMIC_QUALIFICATION,2,Some College,SOME_COLLEGE
ACADEMIC_QUALIFICATION,3,Associate Degree,ASSOCIATE
ACADEMIC_QUALIFICATION,4,Bachelor's Degree,BACHELOR
ACADEMIC_QUALIFICATION,5,Master's Degree,MASTER
ACADEMIC_QUALIFICATION,6,Doctorate,DOCTORATE
ACADEMIC_QUALIFICATION,7,Professional Degree,PROFESSIONAL
ACADEMIC_QUALIFICATION,8,Other,OTHER
OCCUPATION_STATUS,1,Employee,EMPLOYEE
OCCUPATION_STATUS,2,Student,STUDENT
OCCUPATION_STATUS,3,Self-Employed,SELF_EMPLOYED
OCCUPATION_STATUS,4,Retired,RETIRED
OCCUPATION_STATUS,5,Unemployed,UNEMPLOYED
OCCUPATION_STATUS,6,Others,OTHERS
PASSPORT_TYPE_USA,1,Regular,REGULAR
PASSPORT_TYPE_USA,2,Official,OFFICIAL
PASSPORT_TYPE_USA,3,Diplomatic,DIPLOMATIC
PASSPORT_TYPE_USA,4,Laissez-Passer,LAISSEZ-PASSER
PASSPORT_TYPE_USA,5,Other,OTHER
FATHER_STAT_USA,1,US Citizen,US_CITIZEN
FATHER_STAT_USA,2,US Legal Permanent Resident,LEGAL_PERM_RESIDENT
FATHER_STAT_USA,3,Non Immigrant,NON_IMMIGRANT
FATHER_STAT_USA,4,Other/Don't know,OTHER
DOESNT_APPLY_TO_USA,1,Does not Apply,DOES_NOT_APPLY
STATES_USA,1,Alabama,AL
STATES_USA,2,Alaska,AK
STATES_USA,3,Arizona,AZ
STATES_USA,4,Arkansas,AR
STATES_USA,5,California,CA
STATES_USA,6,Colorado,CO
STATES_USA,7,Connecticut,CT
STATES_USA,8,Delaware,DE
STATES_USA,9,Florida,FL
STATES_USA,10,Georgia,GA
STATES_USA,11,Hawaii,HI
STATES_USA,12,Idaho,ID
STATES_USA,13,Illinois,IL
STATES_USA,14,Indiana,IN
STATES_USA,15,Iowa,IA
STATES_USA,16,Kansas,KS
STATES_USA,17,Kentucky,KY
STATES_USA,18,Louisiana,LA
STATES_USA,19,Maine,ME
STATES_USA,20,Maryland,MD
STATES_USA,21,Massachusetts,MA
STATES_USA,22,Michigan,MI
STATES_USA,23,Minnesota,MN
STATES_USA,24,Mississippi,MS
STATES_USA,25,Missouri,MO
STATES_USA,26,Montana,MT
STATES_USA,27,Nebraska,NE
STATES_USA,28,Nevada,NV
STATES_USA,29,New Hampshire,NH
STATES_USA,30,New Jersey,NJ
STATES_USA,31,New Mexico,NM
STATES_USA,32,New York,NY
STATES_USA,33,North Carolina,NC
STATES_USA,34,North Dakota,ND
STATES_USA,35,Ohio,OH
STATES_USA,36,Oklahoma,OK
STATES_USA,37,Oregon,OR
STATES_USA,38,Pennsylvania,PA
STATES_USA,39,Rhode Island,RI
STATES_USA,40,South Carolina,SC
STATES_USA,41,South Dakota,SD
STATES_USA,42,Tennessee,TN
STATES_USA,43,Texas,TX
STATES_USA,44,Utah,UT
STATES_USA,45,Vermont,VT
STATES_USA,46,Virginia,VA
STATES_USA,47,Washington,WA
STATES_USA,48,West Virginia,WV
STATES_USA,49,Wisconsin,WI
STATES_USA,50,Wyoming,WY
STATES_USA,51,District of Columbia,DC
LANGUAGES_USA,1,English,EN
LANGUAGES_USA,2,Spanish,ES
LANGUAGES_USA,3,Chinese (incl. Mandarin/Cantonese),ZH
LANGUAGES_USA,4,Tagalog,TL
LANGUAGES_USA,5,Vietnamese,VI
LANGUAGES_USA,6,Arabic,AR
LANGUAGES_USA,7,French,FR
LANGUAGES_USA,8,Korean,KO
LANGUAGES_USA,9,Russian,RU
LANGUAGES_USA,10,German,DE
PERSON_PAYING_USA,1,Self,SELF
PERSON_PAYING_USA,2,U.S. Petitioner,US_PETITIONER
PERSON_PAYING_USA,3,Other person,OTHER_PERSON
PERSON_PAYING_USA,4,Present Employer,PRESENT_EMPLOYER
PERSON_PAYING_USA,5,Employer in the U.S,EMPLOYER_IN_US
PERSON_PAYING_USA,6,Other Company/Organization,OTHER_COMPANY_OR_ORG
PAYER_RELATIONSHIP_USA,1,Child,CHILD
PAYER_RELATIONSHIP_USA,2,Parent,PARENT
PAYER_RELATIONSHIP_USA,3,Spouse,SPOUSE
PAYER_RELATIONSHIP_USA,4,Other Relative,OTHER_RELATIVE
PAYER_RELATIONSHIP_USA,5,Friend,FRIEND
PAYER_RELATIONSHIP_USA,6,Other,OTHER
SOCIAL_MEDIA_USA,1,Facebook,FACEBOOK
SOCIAL_MEDIA_USA,2,Instagram,INSTAGRAM
SOCIAL_MEDIA_USA,3,Twitter / X,TWITTER_X
SOCIAL_MEDIA_USA,4,Snapchat,SNAPCHAT
SOCIAL_MEDIA_USA,5,TikTok,TIKTOK
SOCIAL_MEDIA_USA,6,LinkedIn,LINKEDIN
SOCIAL_MEDIA_USA,7,Pinterest,PINTEREST
SOCIAL_MEDIA_USA,8,Reddit,REDDIT
SOCIAL_MEDIA_USA,9,Tumblr,TUMBLR
SOCIAL_MEDIA_USA,10,Threads,THREADS
SOCIAL_MEDIA_USA,11,Google+,GOOGLE_PLUS
GENDER_UK,1,Male,MALE
GENDER_UK,2,Female,FEMALE
MARITAL_STATUS_UK,1,Single,SINGLE
MARITAL_STATUS_UK,2,Married,MARRIED
MARITAL_STATUS_UK,3,Separated,SEPARATED
MARITAL_STATUS_UK,4,Divorced,DIVORCED
MARITAL_STATUS_UK,5,Widowed,WIDOWED
MARITAL_STATUS_UK,6,Engaged,ENGAGED
MARITAL_STATUS_UK,7,Invalid,INVALID
MARITAL_STATUS_UK,8,Annulled,ANNULLED
MARITAL_STATUS_UK,9,Cohabitating,COHABITATING
MARITAL_STATUS_UK,10,Deceased,DECEASED
MARITAL_STATUS_UK,11,Spouse's Death,SPOUSE_DEATH
MARITAL_STATUS_UK,12,Common Law,COMMON_LAW
PHONE_USE_LOCATION_UK,1,For use whilst in the UK,IN_UK
PHONE_USE_LOCATION_UK,2,For use whilst out of the UK,OUT_UK
PHONE_TYPE_UK,1,Home Telephone No.,HOME
PHONE_TYPE_UK,2,Business Telephone No.,BUSINESS
PHONE_TYPE_UK,3,Mobile Telephone No.,MOBILE
HOME_OWNERSHIP_UK,1,I Own It,OWN
HOME_OWNERSHIP_UK,2,I Rent It,RENT
HOME_OWNERSHIP_UK,3,Other,OTHER
TRAVEL_GROUP_UK,1,Self,SELF
TRAVEL_GROUP_UK,2,Sponsor,SPONSOR
INCOME_SOURCE_UK,1,Other Additional Income,OTHER_ADD_INCOME
INCOME_SOURCE_UK,2,Savings,SAVINGS
INCOME_SOURCE_UK,3,I dont have any Savings or Income,NO_SAVINGS_OR_INCOME
WHO_IS_PAYING_UK,1,"Someone I know (for example, family or friend)",FAMILY_FRIEND
WHO_IS_PAYING_UK,2,My employer or company,EMPLOYER
WHO_IS_PAYING_UK,3,Another company or organisation,ORGANISATION
INVESTMENT_SOURCE_UK,1,Allowance or regular money from your family,FAMILY_ALLOWANCE
INVESTMENT_SOURCE_UK,2,Pension,PENSION
INVESTMENT_SOURCE_UK,3,Investments,INVESTMENTS
INVESTMENT_SOURCE_UK,4,Another income,OTHER_INCOME
DETAILS_NOT_APPL,1,Not Applicable,NOT_APPL
