field_name,alias,field_type,data_type,display_type,default_value,mandatory,description,title,field_notation,fields,internal_only,category,sequence,hidden,editable,meta
fac_pincode,,simple,PINCODE,textbox,,,,,,,,,1,,,
fac_country_3,,simple,COUNTRY_3,textbox,,,,,,,,,1,,,
fac_hour_select,,simple,HOUR_SELECT,dropdown,,,,,,,,,1,,,
fac_list_hour_select,,simple,list:HOUR_SELECT,checkbox,,,,,,,,,1,,,
fac_minute_select,,simple,MINUTE_SELECT,dropdown,,,,,,,,,1,,,
fac_list_minute_select,,simple,list:MINUTE_SELECT,checkbox,,,,,,,,,1,,,
fac_gender,,simple,GENDER,dropdown,,,,,,,,,1,,,
fac_list_gender,,simple,list:GENDER,checkbox,,,,,,,,,1,,,
fac_passport_type,,simple,PASSPORT_TYPE,dropdown,,,,,,,,,1,,,
fac_list_passport_type,,simple,list:PASSPORT_TYPE,checkbox,,,,,,,,,1,,,
fac_country,,simple,COUNTRY,dropdown,,,,,,,,,1,,,
fac_list_country,,simple,list:COUNTRY,checkbox,,,,,,,,,1,,,
fac_option,,simple,OPTION,dropdown,,,,,,,,,1,,,
fac_list_option,,simple,list:OPTION,checkbox,,,,,,,,,1,,,
fac_number_of_entries,,simple,NUMBER_OF_ENTRIES,dropdown,,,,,,,,,1,,,
fac_list_number_of_entries,,simple,list:NUMBER_OF_ENTRIES,checkbox,,,,,,,,,1,,,
fac_add_on_op,,simple,ADD_ON_OP,dropdown,,,,,,,,,1,,,
fac_list_add_on_op,,simple,list:ADD_ON_OP,checkbox,,,,,,,,,1,,,
fac_option_2,,simple,OPTION_2,dropdown,,,,,,,,,1,,,
fac_list_option_2,,simple,list:OPTION_2,checkbox,,,,,,,,,1,,,
fac_sponsorship_cost,,simple,SPONSORSHIP_COST,dropdown,,,,,,,,,1,,,
fac_list_sponsorship_cost,,simple,list:SPONSORSHIP_COST,checkbox,,,,,,,,,1,,,
fac_support_means,,simple,SUPPORT_MEANS,dropdown,,,,,,,,,1,,,
fac_list_support_means,,simple,list:SUPPORT_MEANS,checkbox,,,,,,,,,1,,,
fac_same_as_pass_addr,,simple,SAME_AS_PASS_ADDR,dropdown,,,,,,,,,1,,,
fac_list_same_as_pass_addr,,simple,list:SAME_AS_PASS_ADDR,checkbox,,,,,,,,,1,,,
fac_address_proof_type,,simple,ADDRESS_PROOF_TYPE,dropdown,,,,,,,,,1,,,
fac_list_address_proof_type,,simple,list:ADDRESS_PROOF_TYPE,checkbox,,,,,,,,,1,,,
fac_relationship,,simple,RELATIONSHIP,dropdown,,,,,,,,,1,,,
fac_list_relationship,,simple,list:RELATIONSHIP,checkbox,,,,,,,,,1,,,
fac_relationship_sgp,,simple,RELATIONSHIP_SGP,dropdown,,,,,,,,,1,,,
fac_list_relationship_sgp,,simple,list:RELATIONSHIP_SGP,checkbox,,,,,,,,,1,,,
fac_print_photo,,simple,PRINT_PHOTO,dropdown,,,,,,,,,1,,,
fac_list_print_photo,,simple,list:PRINT_PHOTO,checkbox,,,,,,,,,1,,,
fac_consent_visa_fee,,simple,CONSENT_VISA_FEE,dropdown,,,,,,,,,1,,,
fac_list_consent_visa_fee,,simple,list:CONSENT_VISA_FEE,checkbox,,,,,,,,,1,,,
fac_visa_policy_1,,simple,VISA_POLICY_1,dropdown,,,,,,,,,1,,,
fac_list_visa_policy_1,,simple,list:VISA_POLICY_1,checkbox,,,,,,,,,1,,,
fac_visa_policy_2,,simple,VISA_POLICY_2,dropdown,,,,,,,,,1,,,
fac_list_visa_policy_2,,simple,list:VISA_POLICY_2,checkbox,,,,,,,,,1,,,
fac_visa_policy_3,,simple,VISA_POLICY_3,dropdown,,,,,,,,,1,,,
fac_list_visa_policy_3,,simple,list:VISA_POLICY_3,checkbox,,,,,,,,,1,,,
fac_visa_policy_4,,simple,VISA_POLICY_4,dropdown,,,,,,,,,1,,,
fac_list_visa_policy_4,,simple,list:VISA_POLICY_4,checkbox,,,,,,,,,1,,,
fac_visa_policy_5,,simple,VISA_POLICY_5,dropdown,,,,,,,,,1,,,
fac_list_visa_policy_5,,simple,list:VISA_POLICY_5,checkbox,,,,,,,,,1,,,
fac_addon_travel_itinerary,,simple,ADDON_TRAVEL_ITINERARY,dropdown,,,,,,,,,1,,,
fac_list_addon_travel_itinerary,,simple,list:ADDON_TRAVEL_ITINERARY,checkbox,,,,,,,,,1,,,
fac_addon_travel_insurance,,simple,ADDON_TRAVEL_INSURANCE,dropdown,,,,,,,,,1,,,
fac_list_addon_travel_insurance,,simple,list:ADDON_TRAVEL_INSURANCE,checkbox,,,,,,,,,1,,,
fac_addon_flight_reserve,,simple,ADDON_FLIGHT_RESERVE,dropdown,,,,,,,,,1,,,
fac_list_addon_flight_reserve,,simple,list:ADDON_FLIGHT_RESERVE,checkbox,,,,,,,,,1,,,
fac_visa_type,,simple,VISA_TYPE,dropdown,,,,,,,,,1,,,
fac_list_visa_type,,simple,list:VISA_TYPE,checkbox,,,,,,,,,1,,,
fac_visa_mode,,simple,VISA_MODE,dropdown,,,,,,,,,1,,,
fac_list_visa_mode,,simple,list:VISA_MODE,checkbox,,,,,,,,,1,,,
fac_visa_processing_type,,simple,VISA_PROCESSING_TYPE,dropdown,,,,,,,,,1,,,
fac_list_visa_processing_type,,simple,list:VISA_PROCESSING_TYPE,checkbox,,,,,,,,,1,,,
fac_india_states,,simple,INDIA_STATES,dropdown,,,,,,,,,1,,,
fac_list_india_states,,simple,list:INDIA_STATES,checkbox,,,,,,,,,1,,,
fac_pref_loc,,simple,PREF_LOC,dropdown,,,,,,,,,1,,,
fac_list_pref_loc,,simple,list:PREF_LOC,checkbox,,,,,,,,,1,,,
fac_pref_slot,,simple,PREF_SLOT,dropdown,,,,,,,,,1,,,
fac_list_pref_slot,,simple,list:PREF_SLOT,checkbox,,,,,,,,,1,,,
fac_have_flight,,simple,HAVE_FLIGHT,dropdown,,,,,,,,,1,,,
fac_list_have_flight,,simple,list:HAVE_FLIGHT,checkbox,,,,,,,,,1,,,
fac_multiple_country,,simple,MULTIPLE_COUNTRY,dropdown,,,,,,,,,1,,,
fac_list_multiple_country,,simple,list:MULTIPLE_COUNTRY,checkbox,,,,,,,,,1,,,
fac_book_dummy_ticket,,simple,BOOK_DUMMY_TICKET,dropdown,,,,,,,,,1,,,
fac_list_book_dummy_ticket,,simple,list:BOOK_DUMMY_TICKET,checkbox,,,,,,,,,1,,,
fac_book_confirm_ticket,,simple,BOOK_CONFIRM_TICKET,dropdown,,,,,,,,,1,,,
fac_list_book_confirm_ticket,,simple,list:BOOK_CONFIRM_TICKET,checkbox,,,,,,,,,1,,,
fac_flight_ticket_option,,simple,FLIGHT_TICKET_OPTION,dropdown,,,,,,,,,1,,,
fac_list_flight_ticket_option,,simple,list:FLIGHT_TICKET_OPTION,checkbox,,,,,,,,,1,,,
fac_insurance_option,,simple,INSURANCE_OPTION,dropdown,,,,,,,,,1,,,
fac_list_insurance_option,,simple,list:INSURANCE_OPTION,checkbox,,,,,,,,,1,,,
fac_insurance_plan,,simple,INSURANCE_PLAN,dropdown,,,,,,,,,1,,,
fac_list_insurance_plan,,simple,list:INSURANCE_PLAN,checkbox,,,,,,,,,1,,,
fac_itinerary_option,,simple,ITINERARY_OPTION,dropdown,,,,,,,,,1,,,
fac_list_itinerary_option,,simple,list:ITINERARY_OPTION,checkbox,,,,,,,,,1,,,
fac_accomodation_option,,simple,ACCOMODATION_OPTION,dropdown,,,,,,,,,1,,,
fac_list_accomodation_option,,simple,list:ACCOMODATION_OPTION,checkbox,,,,,,,,,1,,,
fac_appointment_preferance,,simple,APPOINTMENT_PREFERANCE,dropdown,,,,,,,,,1,,,
fac_list_appointment_preferance,,simple,list:APPOINTMENT_PREFERANCE,checkbox,,,,,,,,,1,,,
fac_empty_option,,simple,EMPTY_OPTION,dropdown,,,,,,,,,1,,,
fac_list_empty_option,,simple,list:EMPTY_OPTION,checkbox,,,,,,,,,1,,,
fac_ins_disc_1,,simple,INS_DISC_1,dropdown,,,,,,,,,1,,,
fac_list_ins_disc_1,,simple,list:INS_DISC_1,checkbox,,,,,,,,,1,,,
fac_ins_disc_2,,simple,INS_DISC_2,dropdown,,,,,,,,,1,,,
fac_list_ins_disc_2,,simple,list:INS_DISC_2,checkbox,,,,,,,,,1,,,
fac_purpose_of_visa_or_travel,,simple,PURPOSE_OF_VISA_OR_TRAVEL,dropdown,,,,,,,,,1,,,
fac_list_purpose_of_visa_or_travel,,simple,list:PURPOSE_OF_VISA_OR_TRAVEL,checkbox,,,,,,,,,1,,,
fac_accept_reject,,simple,ACCEPT_REJECT,dropdown,,,,,,,,,1,,,
fac_list_accept_reject,,simple,list:ACCEPT_REJECT,checkbox,,,,,,,,,1,,,
fac_relationship_with_eu,,simple,RELATIONSHIP_WITH_EU,dropdown,,,,,,,,,1,,,
fac_list_relationship_with_eu,,simple,list:RELATIONSHIP_WITH_EU,checkbox,,,,,,,,,1,,,
fac_support_means_self,,simple,SUPPORT_MEANS_SELF,dropdown,,,,,,,,,1,,,
fac_list_support_means_self,,simple,list:SUPPORT_MEANS_SELF,checkbox,,,,,,,,,1,,,
fac_support_means_sponsor,,simple,SUPPORT_MEANS_SPONSOR,dropdown,,,,,,,,,1,,,
fac_list_support_means_sponsor,,simple,list:SUPPORT_MEANS_SPONSOR,checkbox,,,,,,,,,1,,,
fac_skip_salary,,simple,SKIP_SALARY,dropdown,,,,,,,,,1,,,
fac_list_skip_salary,,simple,list:SKIP_SALARY,checkbox,,,,,,,,,1,,,
fac_add_previous_emp_salary,,simple,ADD_PREVIOUS_EMP_SALARY,dropdown,,,,,,,,,1,,,
fac_list_add_previous_emp_salary,,simple,list:ADD_PREVIOUS_EMP_SALARY,checkbox,,,,,,,,,1,,,
fac_skip_bank_statement,,simple,SKIP_BANK_STATEMENT,dropdown,,,,,,,,,1,,,
fac_list_skip_bank_statement,,simple,list:SKIP_BANK_STATEMENT,checkbox,,,,,,,,,1,,,
fac_itr_option,,simple,ITR_OPTION,dropdown,,,,,,,,,1,,,
fac_list_itr_option,,simple,list:ITR_OPTION,checkbox,,,,,,,,,1,,,
fac_itr_option_1,,simple,ITR_OPTION_1,dropdown,,,,,,,,,1,,,
fac_list_itr_option_1,,simple,list:ITR_OPTION_1,checkbox,,,,,,,,,1,,,
fac_adosi,,simple,ADOSI,dropdown,,,,,,,,,1,,,
fac_list_adosi,,simple,list:ADOSI,checkbox,,,,,,,,,1,,,
fac_month_option,,simple,MONTH_OPTION,dropdown,,,,,,,,,1,,,
fac_list_month_option,,simple,list:MONTH_OPTION,checkbox,,,,,,,,,1,,,
fac_year_option,,simple,YEAR_OPTION,dropdown,,,,,,,,,1,,,
fac_list_year_option,,simple,list:YEAR_OPTION,checkbox,,,,,,,,,1,,,
fac_mode_of_call,,simple,MODE_OF_CALL,dropdown,,,,,,,,,1,,,
fac_list_mode_of_call,,simple,list:MODE_OF_CALL,checkbox,,,,,,,,,1,,,
fac_sponsorship_options,,simple,SPONSORSHIP_OPTIONS,dropdown,,,,,,,,,1,,,
fac_list_sponsorship_options,,simple,list:SPONSORSHIP_OPTIONS,checkbox,,,,,,,,,1,,,
fac_cancel_appointment,,simple,CANCEL_APPOINTMENT,dropdown,,,,,,,,,1,,,
fac_list_cancel_appointment,,simple,list:CANCEL_APPOINTMENT,checkbox,,,,,,,,,1,,,
fac_same_as_primary_traveller,,simple,SAME_AS_PRIMARY_TRAVELLER,dropdown,,,,,,,,,1,,,
fac_list_same_as_primary_traveller,,simple,list:SAME_AS_PRIMARY_TRAVELLER,checkbox,,,,,,,,,1,,,
fac_same_as_primary_traveller_itinerary,,simple,SAME_AS_PRIMARY_TRAVELLER_ITINERARY,dropdown,,,,,,,,,1,,,
fac_list_same_as_primary_traveller_itinerary,,simple,list:SAME_AS_PRIMARY_TRAVELLER_ITINERARY,checkbox,,,,,,,,,1,,,
fac_same_as_primary_traveller_ticketing,,simple,SAME_AS_PRIMARY_TRAVELLER_TICKETING,dropdown,,,,,,,,,1,,,
fac_list_same_as_primary_traveller_ticketing,,simple,list:SAME_AS_PRIMARY_TRAVELLER_TICKETING,checkbox,,,,,,,,,1,,,
fac_same_as_primary_traveller_insurance,,simple,SAME_AS_PRIMARY_TRAVELLER_INSURANCE,dropdown,,,,,,,,,1,,,
fac_list_same_as_primary_traveller_insurance,,simple,list:SAME_AS_PRIMARY_TRAVELLER_INSURANCE,checkbox,,,,,,,,,1,,,
fac_visa_status,,simple,VISA_STATUS,dropdown,,,,,,,,,1,,,
fac_list_visa_status,,simple,list:VISA_STATUS,checkbox,,,,,,,,,1,,,
fac_sponsor_type_1,,simple,SPONSOR_TYPE_1,dropdown,,,,,,,,,1,,,
fac_list_sponsor_type_1,,simple,list:SPONSOR_TYPE_1,checkbox,,,,,,,,,1,,,
fac_sponsor_type_2,,simple,SPONSOR_TYPE_2,dropdown,,,,,,,,,1,,,
fac_list_sponsor_type_2,,simple,list:SPONSOR_TYPE_2,checkbox,,,,,,,,,1,,,
fac_sponsor_type_3,,simple,SPONSOR_TYPE_3,dropdown,,,,,,,,,1,,,
fac_list_sponsor_type_3,,simple,list:SPONSOR_TYPE_3,checkbox,,,,,,,,,1,,,
fac_sponsor_type_4,,simple,SPONSOR_TYPE_4,dropdown,,,,,,,,,1,,,
fac_list_sponsor_type_4,,simple,list:SPONSOR_TYPE_4,checkbox,,,,,,,,,1,,,
fac_payment_method_1,,simple,PAYMENT_METHOD_1,dropdown,,,,,,,,,1,,,
fac_list_payment_method_1,,simple,list:PAYMENT_METHOD_1,checkbox,,,,,,,,,1,,,
fac_payment_method_2,,simple,PAYMENT_METHOD_2,dropdown,,,,,,,,,1,,,
fac_list_payment_method_2,,simple,list:PAYMENT_METHOD_2,checkbox,,,,,,,,,1,,,
fac_payment_method_3,,simple,PAYMENT_METHOD_3,dropdown,,,,,,,,,1,,,
fac_list_payment_method_3,,simple,list:PAYMENT_METHOD_3,checkbox,,,,,,,,,1,,,
fac_payment_method_4,,simple,PAYMENT_METHOD_4,dropdown,,,,,,,,,1,,,
fac_list_payment_method_4,,simple,list:PAYMENT_METHOD_4,checkbox,,,,,,,,,1,,,
fac_payment_method_5,,simple,PAYMENT_METHOD_5,dropdown,,,,,,,,,1,,,
fac_list_payment_method_5,,simple,list:PAYMENT_METHOD_5,checkbox,,,,,,,,,1,,,
fac_payment_method_6,,simple,PAYMENT_METHOD_6,dropdown,,,,,,,,,1,,,
fac_list_payment_method_6,,simple,list:PAYMENT_METHOD_6,checkbox,,,,,,,,,1,,,
fac_expense_coverage_1,,simple,EXPENSE_COVERAGE_1,dropdown,,,,,,,,,1,,,
fac_list_expense_coverage_1,,simple,list:EXPENSE_COVERAGE_1,checkbox,,,,,,,,,1,,,
fac_expense_coverage_2,,simple,EXPENSE_COVERAGE_2,dropdown,,,,,,,,,1,,,
fac_list_expense_coverage_2,,simple,list:EXPENSE_COVERAGE_2,checkbox,,,,,,,,,1,,,
fac_expense_coverage_3,,simple,EXPENSE_COVERAGE_3,dropdown,,,,,,,,,1,,,
fac_list_expense_coverage_3,,simple,list:EXPENSE_COVERAGE_3,checkbox,,,,,,,,,1,,,
fac_expense_coverage_4,,simple,EXPENSE_COVERAGE_4,dropdown,,,,,,,,,1,,,
fac_list_expense_coverage_4,,simple,list:EXPENSE_COVERAGE_4,checkbox,,,,,,,,,1,,,
fac_expense_coverage_5,,simple,EXPENSE_COVERAGE_5,dropdown,,,,,,,,,1,,,
fac_list_expense_coverage_5,,simple,list:EXPENSE_COVERAGE_5,checkbox,,,,,,,,,1,,,
fac_country_3,,simple,COUNTRY_3,dropdown,,,,,,,,,1,,,
fac_list_country_3,,simple,list:COUNTRY_3,checkbox,,,,,,,,,1,,,
fac_accommodation_arrangement,,simple,ACCOMMODATION_ARRANGEMENT,dropdown,,,,,,,,,1,,,
fac_list_accommodation_arrangement,,simple,list:ACCOMMODATION_ARRANGEMENT,checkbox,,,,,,,,,1,,,
fac_addon_accommodation,,simple,ADDON_ACCOMMODATION,dropdown,,,,,,,,,1,,,
fac_list_addon_accommodation,,simple,list:ADDON_ACCOMMODATION,checkbox,,,,,,,,,1,,,
fac_civil_marital_status,,simple,CIVIL_MARITAL_STATUS,dropdown,,,,,,,,,1,,,
fac_list_civil_marital_status,,simple,list:CIVIL_MARITAL_STATUS,checkbox,,,,,,,,,1,,,
fac_add_on_service_appointment,,simple,ADD_ON_SERVICE_APPOINTMENT,dropdown,,,,,,,,,1,,,
fac_list_add_on_service_appointment,,simple,list:ADD_ON_SERVICE_APPOINTMENT,checkbox,,,,,,,,,1,,,
fac_photograph_appointment,,simple,PHOTOGRAPH_APPOINTMENT,dropdown,,,,,,,,,1,,,
fac_list_photograph_appointment,,simple,list:PHOTOGRAPH_APPOINTMENT,checkbox,,,,,,,,,1,,,
fac_add_on_service_photograph,,simple,ADD_ON_SERVICE_PHOTOGRAPH,dropdown,,,,,,,,,1,,,
fac_list_add_on_service_photograph,,simple,list:ADD_ON_SERVICE_PHOTOGRAPH,checkbox,,,,,,,,,1,,,
fac_add_on_service_itinerary,,simple,ADD_ON_SERVICE_ITINERARY,dropdown,,,,,,,,,1,,,
fac_list_add_on_service_itinerary,,simple,list:ADD_ON_SERVICE_ITINERARY,checkbox,,,,,,,,,1,,,
fac_addon_flight_tickets,,simple,ADDON_FLIGHT_TICKETS,dropdown,,,,,,,,,1,,,
fac_list_addon_flight_tickets,,simple,list:ADDON_FLIGHT_TICKETS,checkbox,,,,,,,,,1,,,
fac_current_occupation_status,,simple,CURRENT_OCCUPATION_STATUS,dropdown,,,,,,,,,1,,,
fac_list_current_occupation_status,,simple,list:CURRENT_OCCUPATION_STATUS,checkbox,,,,,,,,,1,,,
fac_family_member_of_eu,,simple,FAMILY_MEMBER_OF_EU,dropdown,,,,,,,,,1,,,
fac_list_family_member_of_eu,,simple,list:FAMILY_MEMBER_OF_EU,checkbox,,,,,,,,,1,,,
fac_skip_salary_slips,,simple,SKIP_SALARY_SLIPS,dropdown,,,,,,,,,1,,,
fac_list_skip_salary_slips,,simple,list:SKIP_SALARY_SLIPS,checkbox,,,,,,,,,1,,,
fac_skip_bank_statements,,simple,SKIP_BANK_STATEMENTS,dropdown,,,,,,,,,1,,,
fac_list_skip_bank_statements,,simple,list:SKIP_BANK_STATEMENTS,checkbox,,,,,,,,,1,,,
fac_skip_itr,,simple,SKIP_ITR,dropdown,,,,,,,,,1,,,
fac_list_skip_itr,,simple,list:SKIP_ITR,checkbox,,,,,,,,,1,,,
fac_not_filed_itr,,simple,NOT_FILED_ITR,dropdown,,,,,,,,,1,,,
fac_list_not_filed_itr,,simple,list:NOT_FILED_ITR,checkbox,,,,,,,,,1,,,
fac_assist_itr,,simple,ASSIST_ITR,dropdown,,,,,,,,,1,,,
fac_list_assist_itr,,simple,list:ASSIST_ITR,checkbox,,,,,,,,,1,,,
fac_addon_accommodation_dummy,,simple,ADDON_ACCOMMODATION_DUMMY,dropdown,,,,,,,,,1,,,
fac_list_addon_accommodation_dummy,,simple,list:ADDON_ACCOMMODATION_DUMMY,checkbox,,,,,,,,,1,,,
fac_addon_accommodation_confirmed,,simple,ADDON_ACCOMMODATION_CONFIRMED,dropdown,,,,,,,,,1,,,
fac_list_addon_accommodation_confirmed,,simple,list:ADDON_ACCOMMODATION_CONFIRMED,checkbox,,,,,,,,,1,,,
fac_addon_dummy_flight_tickets,,simple,ADDON_DUMMY_FLIGHT_TICKETS,dropdown,,,,,,,,,1,,,
fac_list_addon_dummy_flight_tickets,,simple,list:ADDON_DUMMY_FLIGHT_TICKETS,checkbox,,,,,,,,,1,,,
fac_addon_confirmed_flight_tickets,,simple,ADDON_CONFIRMED_FLIGHT_TICKETS,dropdown,,,,,,,,,1,,,
fac_list_addon_confirmed_flight_tickets,,simple,list:ADDON_CONFIRMED_FLIGHT_TICKETS,checkbox,,,,,,,,,1,,,
fac_confirm_viewed_data,,simple,CONFIRM_VIEWED_DATA,dropdown,,,,,,,,,1,,,
fac_list_confirm_viewed_data,,simple,list:CONFIRM_VIEWED_DATA,checkbox,,,,,,,,,1,,,
fac_confirm_apt_booked,,simple,CONFIRM_APT_BOOKED,dropdown,,,,,,,,,1,,,
fac_list_confirm_apt_booked,,simple,list:CONFIRM_APT_BOOKED,checkbox,,,,,,,,,1,,,
fac_confirm_addons,,simple,CONFIRM_ADDONS,dropdown,,,,,,,,,1,,,
fac_list_confirm_addons,,simple,list:CONFIRM_ADDONS,checkbox,,,,,,,,,1,,,
fac_confirm_docs_uploaded,,simple,CONFIRM_DOCS_UPLOADED,dropdown,,,,,,,,,1,,,
fac_list_confirm_docs_uploaded,,simple,list:CONFIRM_DOCS_UPLOADED,checkbox,,,,,,,,,1,,,
fac_confirm_uneditable,,simple,CONFIRM_UNEDITABLE,dropdown,,,,,,,,,1,,,
fac_list_confirm_uneditable,,simple,list:CONFIRM_UNEDITABLE,checkbox,,,,,,,,,1,,,
fac_docket_status,,simple,DOCKET_STATUS,dropdown,,,,,,,,,1,,,
fac_list_docket_status,,simple,list:DOCKET_STATUS,checkbox,,,,,,,,,1,,,
fac_same_itinerary_as_primary,,simple,SAME_ITINERARY_AS_PRIMARY,dropdown,,,,,,,,,1,,,
fac_list_same_itinerary_as_primary,,simple,list:SAME_ITINERARY_AS_PRIMARY,checkbox,,,,,,,,,1,,,
fac_same_accommodation_as_primary,,simple,SAME_ACCOMMODATION_AS_PRIMARY,dropdown,,,,,,,,,1,,,
fac_list_same_accommodation_as_primary,,simple,list:SAME_ACCOMMODATION_AS_PRIMARY,checkbox,,,,,,,,,1,,,
fac_same_flight_ticket_as_primary,,simple,SAME_FLIGHT_TICKET_AS_PRIMARY,dropdown,,,,,,,,,1,,,
fac_list_same_flight_ticket_as_primary,,simple,list:SAME_FLIGHT_TICKET_AS_PRIMARY,checkbox,,,,,,,,,1,,,
fac_cover,,simple,COVER,dropdown,,,,,,,,,1,,,
fac_list_cover,,simple,list:COVER,checkbox,,,,,,,,,1,,,
fac_invitation,,simple,INVITATION,dropdown,,,,,,,,,1,,,
fac_list_invitation,,simple,list:INVITATION,checkbox,,,,,,,,,1,,,
fac_company_statement,,simple,COMPANY_STATEMENT,dropdown,,,,,,,,,1,,,
fac_list_company_statement,,simple,list:COMPANY_STATEMENT,checkbox,,,,,,,,,1,,,
fac_itr_acknowledge,,simple,ITR_ACKNOWLEDGE,dropdown,,,,,,,,,1,,,
fac_list_itr_acknowledge,,simple,list:ITR_ACKNOWLEDGE,checkbox,,,,,,,,,1,,,
fac_company_docs,,simple,COMPANY_DOCS,dropdown,,,,,,,,,1,,,
fac_list_company_docs,,simple,list:COMPANY_DOCS,checkbox,,,,,,,,,1,,,
fac_send_email,,simple,SEND_EMAIL,dropdown,,,,,,,,,1,,,
fac_list_send_email,,simple,list:SEND_EMAIL,checkbox,,,,,,,,,1,,,
fac_sgp_stay,,simple,SGP_STAY,dropdown,,,,,,,,,1,,,
fac_list_sgp_stay,,simple,list:SGP_STAY,checkbox,,,,,,,,,1,,,
fac_number_of_entries_sgp,,simple,NUMBER_OF_ENTRIES_SGP,dropdown,,,,,,,,,1,,,
fac_list_number_of_entries_sgp,,simple,list:NUMBER_OF_ENTRIES_SGP,checkbox,,,,,,,,,1,,,
fac_passport_type_sgp,,simple,PASSPORT_TYPE_SGP,dropdown,,,,,,,,,1,,,
fac_list_passport_type_sgp,,simple,list:PASSPORT_TYPE_SGP,checkbox,,,,,,,,,1,,,
fac_gender_sgp,,simple,GENDER_SGP,dropdown,,,,,,,,,1,,,
fac_list_gender_sgp,,simple,list:GENDER_SGP,checkbox,,,,,,,,,1,,,
fac_civil_marital_status_sgp,,simple,CIVIL_MARITAL_STATUS_SGP,dropdown,,,,,,,,,1,,,
fac_list_civil_marital_status_sgp,,simple,list:CIVIL_MARITAL_STATUS_SGP,checkbox,,,,,,,,,1,,,
fac_spouse_nationality,,simple,SPOUSE_NATIONALITY,dropdown,,,,,,,,,1,,,
fac_list_spouse_nationality,,simple,list:SPOUSE_NATIONALITY,checkbox,,,,,,,,,1,,,
fac_relationship_with_applicant_sgp,,simple,RELATIONSHIP_WITH_APPLICANT_SGP,dropdown,,,,,,,,,1,,,
fac_list_relationship_with_applicant_sgp,,simple,list:RELATIONSHIP_WITH_APPLICANT_SGP,checkbox,,,,,,,,,1,,,
fac_academic_qualification_sgp,,simple,ACADEMIC_QUALIFICATION_SGP,dropdown,,,,,,,,,1,,,
fac_list_academic_qualification_sgp,,simple,list:ACADEMIC_QUALIFICATION_SGP,checkbox,,,,,,,,,1,,,
fac_tickets,,simple,TICKETS,dropdown,,,,,,,,,1,,,
fac_list_tickets,,simple,list:TICKETS,checkbox,,,,,,,,,1,,,
fac_passport_type_sau,,simple,PASSPORT_TYPE_SAU,dropdown,,,,,,,,,1,,,
fac_list_passport_type_sau,,simple,list:PASSPORT_TYPE_SAU,checkbox,,,,,,,,,1,,,
fac_civil_marital_status_sau,,simple,CIVIL_MARITAL_STATUS_SAU,dropdown,,,,,,,,,1,,,
fac_list_civil_marital_status_sau,,simple,list:CIVIL_MARITAL_STATUS_SAU,checkbox,,,,,,,,,1,,,
fac_application_status,,simple,APPLICATION_STATUS,dropdown,,,,,,,,,1,,,
fac_list_application_status,,simple,list:APPLICATION_STATUS,checkbox,,,,,,,,,1,,,
fac_gender_idn,,simple,GENDER_IDN,dropdown,,,,,,,,,1,,,
fac_list_gender_idn,,simple,list:GENDER_IDN,checkbox,,,,,,,,,1,,,
fac_residence_type_idn,,simple,RESIDENCE_TYPE_IDN,dropdown,,,,,,,,,1,,,
fac_list_residence_type_idn,,simple,list:RESIDENCE_TYPE_IDN,checkbox,,,,,,,,,1,,,
fac_length_of_stay_mexico,,simple,LENGTH_OF_STAY_MEXICO,dropdown,,,,,,,,,1,,,
fac_list_length_of_stay_mexico,,simple,list:LENGTH_OF_STAY_MEXICO,checkbox,,,,,,,,,1,,,
fac_passport_type_mex,,simple,PASSPORT_TYPE_MEX,dropdown,,,,,,,,,1,,,
fac_list_passport_type_mex,,simple,list:PASSPORT_TYPE_MEX,checkbox,,,,,,,,,1,,,
fac_civil_marital_status_mex,,simple,CIVIL_MARITAL_STATUS_MEX,dropdown,,,,,,,,,1,,,
fac_list_civil_marital_status_mex,,simple,list:CIVIL_MARITAL_STATUS_MEX,checkbox,,,,,,,,,1,,,
fac_gender_mex,,simple,GENDER_MEX,dropdown,,,,,,,,,1,,,
fac_list_gender_mex,,simple,list:GENDER_MEX,checkbox,,,,,,,,,1,,,
fac_minor_accompaniment_mex,,simple,MINOR_ACCOMPANIMENT_MEX,dropdown,,,,,,,,,1,,,
fac_list_minor_accompaniment_mex,,simple,list:MINOR_ACCOMPANIMENT_MEX,checkbox,,,,,,,,,1,,,
fac_passport_type_jpn,,simple,PASSPORT_TYPE_JPN,dropdown,,,,,,,,,1,,,
fac_list_passport_type_jpn,,simple,list:PASSPORT_TYPE_JPN,checkbox,,,,,,,,,1,,,
fac_civil_marital_status_jpn,,simple,CIVIL_MARITAL_STATUS_JPN,dropdown,,,,,,,,,1,,,
fac_list_civil_marital_status_jpn,,simple,list:CIVIL_MARITAL_STATUS_JPN,checkbox,,,,,,,,,1,,,
fac_relationship_jpn,,simple,RELATIONSHIP_JPN,dropdown,,,,,,,,,1,,,
fac_list_relationship_jpn,,simple,list:RELATIONSHIP_JPN,checkbox,,,,,,,,,1,,,
fac_same_as_guarantor_jpn,,simple,SAME_AS_GUARANTOR_JPN,dropdown,,,,,,,,,1,,,
fac_list_same_as_guarantor_jpn,,simple,list:SAME_AS_GUARANTOR_JPN,checkbox,,,,,,,,,1,,,
fac_relationship_lka,,simple,RELATIONSHIP_LKA,dropdown,,,,,,,,,1,,,
fac_list_relationship_lka,,simple,list:RELATIONSHIP_LKA,checkbox,,,,,,,,,1,,,
fac_pan,,simple,PAN,textbox,,,,,,,,,1,,,
fac_pan_individual,,simple,PAN_INDIVIDUAL,textbox,,,,,,,,,1,,,
fac_gst,,simple,GST,textbox,,,,,,,,,1,,,
fac_micr,,simple,MICR,textbox,,,,,,,,,1,,,
fac_ifsc,,simple,IFSC,textbox,,,,,,,,,1,,,
fac_aadhaar,,simple,AADHAAR,textbox,,,,,,,,,1,,,
fac_passport_number,,simple,PASSPORT_NUMBER,textbox,,,,,,,,,1,,,
fac_email_str,,simple,EMAIL_STR,textbox,,,,,,,,,1,,,
fac_pincode_str,,simple,PINCODE_STR,textbox,,,,,,,,,1,,,
fac_nric_sgp,,simple,NRIC_SGP,textbox,,,,,,,,,1,,,
fac_nationality_others,,simple,NATIONALITY_OTHERS,textbox,,,,,,,,,1,,,
