field_name,alias,field_type,data_type,display_type,default_value,mandatory,description,title,field_notation,fields,internal_only,category,sequence,hidden,editable,meta
fac_pincode,,simple,PINCODE,textbox,,,,,,,,,1,,,
fac_hour_select,,simple,HOUR_SELECT,dropdown,,,,,,,,,1,,,
fac_list_hour_select,,simple,list:HOUR_SELECT,checkbox,,,,,,,,,1,,,
fac_minute_select,,simple,MINUTE_SELECT,dropdown,,,,,,,,,1,,,
fac_list_minute_select,,simple,list:MINUTE_SELECT,checkbox,,,,,,,,,1,,,
fac_gender,,simple,GENDER,dropdown,,,,,,,,,1,,,
fac_list_gender,,simple,list:GENDER,checkbox,,,,,,,,,1,,,
fac_passport_type,,simple,PASSPORT_TYPE,dropdown,,,,,,,,,1,,,
fac_list_passport_type,,simple,list:PASSPORT_TYPE,checkbox,,,,,,,,,1,,,
fac_country,,simple,COUNTRY,dropdown,,,,,,,,,1,,,
fac_list_country,,simple,list:COUNTRY,checkbox,,,,,,,,,1,,,
fac_option,,simple,OPTION,dropdown,,,,,,,,,1,,,
fac_list_option,,simple,list:OPTION,checkbox,,,,,,,,,1,,,
fac_option_2,,simple,OPTION_2,dropdown,,,,,,,,,1,,,
fac_list_option_2,,simple,list:OPTION_2,checkbox,,,,,,,,,1,,,
fac_sponsorship_cost,,simple,SPONSORSHIP_COST,dropdown,,,,,,,,,1,,,
fac_list_sponsorship_cost,,simple,list:SPONSORSHIP_COST,checkbox,,,,,,,,,1,,,
fac_support_means,,simple,SUPPORT_MEANS,dropdown,,,,,,,,,1,,,
fac_list_support_means,,simple,list:SUPPORT_MEANS,checkbox,,,,,,,,,1,,,
fac_same_as_pass_addr,,simple,SAME_AS_PASS_ADDR,dropdown,,,,,,,,,1,,,
fac_list_same_as_pass_addr,,simple,list:SAME_AS_PASS_ADDR,checkbox,,,,,,,,,1,,,
fac_address_proof_type,,simple,ADDRESS_PROOF_TYPE,dropdown,,,,,,,,,1,,,
fac_list_address_proof_type,,simple,list:ADDRESS_PROOF_TYPE,checkbox,,,,,,,,,1,,,
fac_relationship,,simple,RELATIONSHIP,dropdown,,,,,,,,,1,,,
fac_list_relationship,,simple,list:RELATIONSHIP,checkbox,,,,,,,,,1,,,
fac_print_photo,,simple,PRINT_PHOTO,dropdown,,,,,,,,,1,,,
fac_list_print_photo,,simple,list:PRINT_PHOTO,checkbox,,,,,,,,,1,,,
fac_consent_visa_fee,,simple,CONSENT_VISA_FEE,dropdown,,,,,,,,,1,,,
fac_list_consent_visa_fee,,simple,list:CONSENT_VISA_FEE,checkbox,,,,,,,,,1,,,
fac_visa_policy_1,,simple,VISA_POLICY_1,dropdown,,,,,,,,,1,,,
fac_list_visa_policy_1,,simple,list:VISA_POLICY_1,checkbox,,,,,,,,,1,,,
fac_visa_policy_2,,simple,VISA_POLICY_2,dropdown,,,,,,,,,1,,,
fac_list_visa_policy_2,,simple,list:VISA_POLICY_2,checkbox,,,,,,,,,1,,,
fac_visa_policy_3,,simple,VISA_POLICY_3,dropdown,,,,,,,,,1,,,
fac_list_visa_policy_3,,simple,list:VISA_POLICY_3,checkbox,,,,,,,,,1,,,
fac_visa_policy_4,,simple,VISA_POLICY_4,dropdown,,,,,,,,,1,,,
fac_list_visa_policy_4,,simple,list:VISA_POLICY_4,checkbox,,,,,,,,,1,,,
fac_visa_policy_5,,simple,VISA_POLICY_5,dropdown,,,,,,,,,1,,,
fac_list_visa_policy_5,,simple,list:VISA_POLICY_5,checkbox,,,,,,,,,1,,,
fac_addon_travel_itinerary,,simple,ADDON_TRAVEL_ITINERARY,dropdown,,,,,,,,,1,,,
fac_list_addon_travel_itinerary,,simple,list:ADDON_TRAVEL_ITINERARY,checkbox,,,,,,,,,1,,,
fac_addon_travel_insurance,,simple,ADDON_TRAVEL_INSURANCE,dropdown,,,,,,,,,1,,,
fac_list_addon_travel_insurance,,simple,list:ADDON_TRAVEL_INSURANCE,checkbox,,,,,,,,,1,,,
fac_addon_flight_reserve,,simple,ADDON_FLIGHT_RESERVE,dropdown,,,,,,,,,1,,,
fac_list_addon_flight_reserve,,simple,list:ADDON_FLIGHT_RESERVE,checkbox,,,,,,,,,1,,,
fac_visa_type,,simple,VISA_TYPE,dropdown,,,,,,,,,1,,,
fac_list_visa_type,,simple,list:VISA_TYPE,checkbox,,,,,,,,,1,,,
fac_visa_mode,,simple,VISA_MODE,dropdown,,,,,,,,,1,,,
fac_list_visa_mode,,simple,list:VISA_MODE,checkbox,,,,,,,,,1,,,
fac_visa_processing_type,,simple,VISA_PROCESSING_TYPE,dropdown,,,,,,,,,1,,,
fac_list_visa_processing_type,,simple,list:VISA_PROCESSING_TYPE,checkbox,,,,,,,,,1,,,
fac_india_states,,simple,INDIA_STATES,dropdown,,,,,,,,,1,,,
fac_list_india_states,,simple,list:INDIA_STATES,checkbox,,,,,,,,,1,,,
fac_pref_loc,,simple,PREF_LOC,dropdown,,,,,,,,,1,,,
fac_list_pref_loc,,simple,list:PREF_LOC,checkbox,,,,,,,,,1,,,
fac_pref_slot,,simple,PREF_SLOT,dropdown,,,,,,,,,1,,,
fac_list_pref_slot,,simple,list:PREF_SLOT,checkbox,,,,,,,,,1,,,
fac_have_flight,,simple,HAVE_FLIGHT,dropdown,,,,,,,,,1,,,
fac_list_have_flight,,simple,list:HAVE_FLIGHT,checkbox,,,,,,,,,1,,,
fac_multiple_country,,simple,MULTIPLE_COUNTRY,dropdown,,,,,,,,,1,,,
fac_list_multiple_country,,simple,list:MULTIPLE_COUNTRY,checkbox,,,,,,,,,1,,,
fac_book_dummy_ticket,,simple,BOOK_DUMMY_TICKET,dropdown,,,,,,,,,1,,,
fac_list_book_dummy_ticket,,simple,list:BOOK_DUMMY_TICKET,checkbox,,,,,,,,,1,,,
fac_book_confirm_ticket,,simple,BOOK_CONFIRM_TICKET,dropdown,,,,,,,,,1,,,
fac_list_book_confirm_ticket,,simple,list:BOOK_CONFIRM_TICKET,checkbox,,,,,,,,,1,,,
fac_flight_ticket_option,,simple,FLIGHT_TICKET_OPTION,dropdown,,,,,,,,,1,,,
fac_list_flight_ticket_option,,simple,list:FLIGHT_TICKET_OPTION,checkbox,,,,,,,,,1,,,
fac_insurance_option,,simple,INSURANCE_OPTION,dropdown,,,,,,,,,1,,,
fac_list_insurance_option,,simple,list:INSURANCE_OPTION,checkbox,,,,,,,,,1,,,
fac_insurance_plan,,simple,INSURANCE_PLAN,dropdown,,,,,,,,,1,,,
fac_list_insurance_plan,,simple,list:INSURANCE_PLAN,checkbox,,,,,,,,,1,,,
fac_itinerary_option,,simple,ITINERARY_OPTION,dropdown,,,,,,,,,1,,,
fac_list_itinerary_option,,simple,list:ITINERARY_OPTION,checkbox,,,,,,,,,1,,,
fac_accomodation_option,,simple,ACCOMODATION_OPTION,dropdown,,,,,,,,,1,,,
fac_list_accomodation_option,,simple,list:ACCOMODATION_OPTION,checkbox,,,,,,,,,1,,,
fac_appointment_preferance,,simple,APPOINTMENT_PREFERANCE,dropdown,,,,,,,,,1,,,
fac_list_appointment_preferance,,simple,list:APPOINTMENT_PREFERANCE,checkbox,,,,,,,,,1,,,
fac_empty_option,,simple,EMPTY_OPTION,dropdown,,,,,,,,,1,,,
fac_list_empty_option,,simple,list:EMPTY_OPTION,checkbox,,,,,,,,,1,,,
fac_ins_disc_1,,simple,INS_DISC_1,dropdown,,,,,,,,,1,,,
fac_list_ins_disc_1,,simple,list:INS_DISC_1,checkbox,,,,,,,,,1,,,
fac_ins_disc_2,,simple,INS_DISC_2,dropdown,,,,,,,,,1,,,
fac_list_ins_disc_2,,simple,list:INS_DISC_2,checkbox,,,,,,,,,1,,,
fac_purpose_of_visa_or_travel,,simple,PURPOSE_OF_VISA_OR_TRAVEL,dropdown,,,,,,,,,1,,,
fac_list_purpose_of_visa_or_travel,,simple,list:PURPOSE_OF_VISA_OR_TRAVEL,checkbox,,,,,,,,,1,,,
fac_accept_reject,,simple,ACCEPT_REJECT,dropdown,,,,,,,,,1,,,
fac_list_accept_reject,,simple,list:ACCEPT_REJECT,checkbox,,,,,,,,,1,,,
fac_relationship_with_eu,,simple,RELATIONSHIP_WITH_EU,dropdown,,,,,,,,,1,,,
fac_list_relationship_with_eu,,simple,list:RELATIONSHIP_WITH_EU,checkbox,,,,,,,,,1,,,
fac_support_means_self,,simple,SUPPORT_MEANS_SELF,dropdown,,,,,,,,,1,,,
fac_list_support_means_self,,simple,list:SUPPORT_MEANS_SELF,checkbox,,,,,,,,,1,,,
fac_support_means_sponsor,,simple,SUPPORT_MEANS_SPONSOR,dropdown,,,,,,,,,1,,,
fac_list_support_means_sponsor,,simple,list:SUPPORT_MEANS_SPONSOR,checkbox,,,,,,,,,1,,,
fac_skip_salary,,simple,SKIP_SALARY,dropdown,,,,,,,,,1,,,
fac_list_skip_salary,,simple,list:SKIP_SALARY,checkbox,,,,,,,,,1,,,
fac_add_previous_emp_salary,,simple,ADD_PREVIOUS_EMP_SALARY,dropdown,,,,,,,,,1,,,
fac_list_add_previous_emp_salary,,simple,list:ADD_PREVIOUS_EMP_SALARY,checkbox,,,,,,,,,1,,,
fac_skip_bank_statement,,simple,SKIP_BANK_STATEMENT,dropdown,,,,,,,,,1,,,
fac_list_skip_bank_statement,,simple,list:SKIP_BANK_STATEMENT,checkbox,,,,,,,,,1,,,
fac_itr_option,,simple,ITR_OPTION,dropdown,,,,,,,,,1,,,
fac_list_itr_option,,simple,list:ITR_OPTION,checkbox,,,,,,,,,1,,,
fac_month_option,,simple,MONTH_OPTION,dropdown,,,,,,,,,1,,,
fac_list_month_option,,simple,list:MONTH_OPTION,checkbox,,,,,,,,,1,,,
fac_year_option,,simple,YEAR_OPTION,dropdown,,,,,,,,,1,,,
fac_list_year_option,,simple,list:YEAR_OPTION,checkbox,,,,,,,,,1,,,
fac_mode_of_call,,simple,MODE_OF_CALL,dropdown,,,,,,,,,1,,,
fac_list_mode_of_call,,simple,list:MODE_OF_CALL,checkbox,,,,,,,,,1,,,
fac_sponsorship_options,,simple,SPONSORSHIP_OPTIONS,dropdown,,,,,,,,,1,,,
fac_list_sponsorship_options,,simple,list:SPONSORSHIP_OPTIONS,checkbox,,,,,,,,,1,,,
fac_cancel_appointment,,simple,CANCEL_APPOINTMENT,dropdown,,,,,,,,,1,,,
fac_list_cancel_appointment,,simple,list:CANCEL_APPOINTMENT,checkbox,,,,,,,,,1,,,
fac_same_as_primary_traveller,,simple,SAME_AS_PRIMARY_TRAVELLER,dropdown,,,,,,,,,1,,,
fac_list_same_as_primary_traveller,,simple,list:SAME_AS_PRIMARY_TRAVELLER,checkbox,,,,,,,,,1,,,
fac_same_as_primary_traveller_itinerary,,simple,SAME_AS_PRIMARY_TRAVELLER_ITINERARY,dropdown,,,,,,,,,1,,,
fac_list_same_as_primary_traveller_itinerary,,simple,list:SAME_AS_PRIMARY_TRAVELLER_ITINERARY,checkbox,,,,,,,,,1,,,
fac_same_as_primary_traveller_ticketing,,simple,SAME_AS_PRIMARY_TRAVELLER_TICKETING,dropdown,,,,,,,,,1,,,
fac_list_same_as_primary_traveller_ticketing,,simple,list:SAME_AS_PRIMARY_TRAVELLER_TICKETING,checkbox,,,,,,,,,1,,,
fac_same_as_primary_traveller_insurance,,simple,SAME_AS_PRIMARY_TRAVELLER_INSURANCE,dropdown,,,,,,,,,1,,,
fac_list_same_as_primary_traveller_insurance,,simple,list:SAME_AS_PRIMARY_TRAVELLER_INSURANCE,checkbox,,,,,,,,,1,,,
fac_visa_status,,simple,VISA_STATUS,dropdown,,,,,,,,,1,,,
fac_list_visa_status,,simple,list:VISA_STATUS,checkbox,,,,,,,,,1,,,
fac_country_3,,simple,COUNTRY_3,dropdown,,,,,,,,,1,,,
fac_list_country_3,,simple,list:COUNTRY_3,checkbox,,,,,,,,,1,,,
fac_pan,,simple,PAN,textbox,,,,,,,,,1,,,
fac_pan_individual,,simple,PAN_INDIVIDUAL,textbox,,,,,,,,,1,,,
fac_gst,,simple,GST,textbox,,,,,,,,,1,,,
fac_micr,,simple,MICR,textbox,,,,,,,,,1,,,
fac_ifsc,,simple,IFSC,textbox,,,,,,,,,1,,,
