field_name,alias,field_type,data_type,display_type,default_value,mandatory,description,title,field_notation,fields,internal_only,category,sequence,hidden,editable,meta
column_break,,layout,str,column_break,,FALSE,,,,,TRUE,,2200,,,
pan_card_image,,simple,FILE,fileoption,,FALSE,Upload an image,PAN Card Image,API.TRUSTED_PAN_OCR,,FALSE,OVD PAN,2200,,,
name_in_pan,,simple,str,textbox,@.pan_card_image.TRUSTED_PAN_OCR.full_name,FALSE,Enter Name,Name as in PAN,FLD.PAN.full_name,,FALSE,OVD PAN,2200,,,
dob_pan,,simple,str,textbox,@.pan_card_image.TRUSTED_PAN_OCR.dob,FALSE,DoB as per PAN,Date of Birth,FLD.PAN.dob,,FALSE,OVD PAN,2200,,,
pan_number,,simple,str,textbox,@.pan_card_image.TRUSTED_PAN_OCR.pan_number,FALSE,PAN Number,PAN Number,FLD.PAN.pan_number,,FALSE,OVD PAN,2200,,,
parent_guardian_spouse_name,,simple,str,textbox,@.pan_card_image.TRUSTED_PAN_OCR.father_name,FALSE,Parent/Guardian/Spouse Name,Parent/Guardian/Spouse Name,FLD.PAN.father_name,,FALSE,OVD PAN,2200,,,
pan_details,,compound,,card,,FALSE,,PAN Details,,"column_break,name_in_pan,dob_pan,column_break,pan_number,parent_guardian_spouse_name",FALSE,Card - PAN,6139,,,